{
  "fold": 3,
  "best_epoch": 17,
  "val_accuracy": 0.54828125,
  "motion_accuracy": 0.71921875,
  "val_loss": 0.6794837713241577,
  "epochs_trained": 27,
  "NoGesture_acc": 0.5578074619990787,
  "NoGesture_to_Gesture": 0.32795946568401657,
  "NoGesture_to_Move": 0.11423307231690465,
  "Gesture_acc": 0.6594202898550725,
  "Gesture_to_NoGesture": 0.16485507246376813,
  "Gesture_to_Move": 0.17572463768115942,
  "Move_acc": 0.4166254329539832,
  "Move_to_NoGesture": 0.23404255319148937,
  "Move_to_Gesture": 0.34933201385452745
}