{
  "fold": 1,
  "best_epoch": 7,
  "val_accuracy": 0.48703125,
  "motion_accuracy": 0.70203125,
  "val_loss": 0.590349555015564,
  "epochs_trained": 21,
  "NoGesture_acc": 0.4401673640167364,
  "NoGesture_to_Gesture": 0.33807531380753136,
  "NoGesture_to_Move": 0.2217573221757322,
  "Gesture_acc": 0.583843329253366,
  "Gesture_to_NoGesture": 0.1591187270501836,
  "Gesture_to_Move": 0.25703794369645044,
  "Move_acc": 0.40667094291212313,
  "Move_to_NoGesture": 0.11481719050673508,
  "Move_to_Gesture": 0.47851186658114175
}