{
  "fold": 1,
  "best_epoch": 16,
  "val_accuracy": 0.45484375,
  "motion_accuracy": 0.6428125,
  "val_loss": 0.5348532199859619,
  "epochs_trained": 37,
  "NoGesture_acc": 0.202092050209205,
  "NoGesture_to_Gesture": 0.6364016736401673,
  "NoGesture_to_Move": 0.16150627615062763,
  "Gesture_acc": 0.7303141574867401,
  "Gesture_to_NoGesture": 0.09098327213382293,
  "Gesture_to_Move": 0.17870257037943696,
  "Move_acc": 0.40923669018601666,
  "Move_to_NoGesture": 0.10006414368184734,
  "Move_to_Gesture": 0.490699166132136
}