{
  "fold": 2,
  "best_epoch": 5,
  "val_accuracy": 0.4740625,
  "motion_accuracy": 0.66484375,
  "val_loss": 0.9276684522628784,
  "epochs_trained": 16,
  "NoGesture_acc": 0.47768281101614435,
  "NoGesture_to_Gesture": 0.3798670465337132,
  "NoGesture_to_Move": 0.14245014245014245,
  "Gesture_acc": 0.6876478939895883,
  "Gesture_to_NoGesture": 0.18409843823946995,
  "Gesture_to_Move": 0.1282536677709418,
  "Move_acc": 0.26364053186611647,
  "Move_to_NoGesture": 0.30077945896377806,
  "Move_to_Gesture": 0.4355800091701055
}