{
  "fold": 1,
  "best_epoch": 14,
  "val_accuracy": 0.48859375,
  "motion_accuracy": 0.68484375,
  "val_loss": 0.7093828320503235,
  "epochs_trained": 19,
  "NoGesture_acc": 0.48535564853556484,
  "NoGesture_to_Gesture": 0.35397489539748955,
  "NoGesture_to_Move": 0.1606694560669456,
  "Gesture_acc": 0.5773153814769482,
  "Gesture_to_NoGesture": 0.19175846593227255,
  "Gesture_to_Move": 0.23092615259077928,
  "Move_acc": 0.354073123797306,
  "Move_to_NoGesture": 0.20333547145606157,
  "Move_to_Gesture": 0.44259140474663244
}