{
  "fold": 3,
  "best_epoch": 18,
  "val_accuracy": 0.5203125,
  "motion_accuracy": 0.72234375,
  "val_loss": 0.6106743812561035,
  "epochs_trained": 29,
  "NoGesture_acc": 0.47535697835099033,
  "NoGesture_to_Gesture": 0.3417779824965454,
  "NoGesture_to_Move": 0.1828650391524643,
  "Gesture_acc": 0.6000905797101449,
  "Gesture_to_NoGesture": 0.13949275362318841,
  "Gesture_to_Move": 0.2604166666666667,
  "Move_acc": 0.4814448292924295,
  "Move_to_NoGesture": 0.16328550222662047,
  "Move_to_Gesture": 0.35526966848095004
}