{
  "fold": 2,
  "best_epoch": 5,
  "val_accuracy": 0.4625,
  "motion_accuracy": 0.6996875,
  "val_loss": 0.6024775505065918,
  "epochs_trained": 20,
  "NoGesture_acc": 0.40645773979107314,
  "NoGesture_to_Gesture": 0.5208926875593543,
  "NoGesture_to_Move": 0.07264957264957266,
  "Gesture_acc": 0.7401798390913393,
  "Gesture_to_NoGesture": 0.17274017983909135,
  "Gesture_to_Move": 0.08707998106956934,
  "Move_acc": 0.24759284731774414,
  "Move_to_NoGesture": 0.14076111875286565,
  "Move_to_Gesture": 0.6116460339293902
}