{
  "fold": 1,
  "best_epoch": 19,
  "val_accuracy": 0.5365625,
  "motion_accuracy": 0.68171875,
  "val_loss": 0.5954188108444214,
  "epochs_trained": 36,
  "NoGesture_acc": 0.5075313807531381,
  "NoGesture_to_Gesture": 0.4213389121338912,
  "NoGesture_to_Move": 0.07112970711297072,
  "Gesture_acc": 0.7213382292941657,
  "Gesture_to_NoGesture": 0.20522235822113424,
  "Gesture_to_Move": 0.07343941248470012,
  "Move_acc": 0.2905708787684413,
  "Move_to_NoGesture": 0.2289929441949968,
  "Move_to_Gesture": 0.4804361770365619
}