{
  "fold": 2,
  "best_epoch": 8,
  "val_accuracy": 0.42328125,
  "motion_accuracy": 0.6175,
  "val_loss": 0.6766304969787598,
  "epochs_trained": 22,
  "NoGesture_acc": 0.392687559354226,
  "NoGesture_to_Gesture": 0.2611585944919278,
  "NoGesture_to_Move": 0.34615384615384615,
  "Gesture_acc": 0.4798864174159962,
  "Gesture_to_NoGesture": 0.2498816848083294,
  "Gesture_to_Move": 0.2702318977756744,
  "Move_acc": 0.39798257679963317,
  "Move_to_NoGesture": 0.29390187987161853,
  "Move_to_Gesture": 0.3081155433287483
}