{
  "fold": 1,
  "best_epoch": 20,
  "val_accuracy": 0.57640625,
  "motion_accuracy": 0.72203125,
  "val_loss": 0.7742592096328735,
  "epochs_trained": 25,
  "NoGesture_acc": 0.699581589958159,
  "NoGesture_to_Gesture": 0.24686192468619247,
  "NoGesture_to_Move": 0.05355648535564853,
  "Gesture_acc": 0.7168502651978784,
  "Gesture_to_NoGesture": 0.21542227662178703,
  "Gesture_to_Move": 0.06772745818033456,
  "Move_acc": 0.1667735728030789,
  "Move_to_NoGesture": 0.34188582424631175,
  "Move_to_Gesture": 0.4913406029506094
}