{
  "fold": 1,
  "best_epoch": 27,
  "val_accuracy": 0.51890625,
  "motion_accuracy": 0.6771875,
  "val_loss": 0.5719984173774719,
  "epochs_trained": 36,
  "NoGesture_acc": 0.4380753138075314,
  "NoGesture_to_Gesture": 0.4686192468619247,
  "NoGesture_to_Move": 0.09330543933054393,
  "Gesture_acc": 0.7372501019991841,
  "Gesture_to_NoGesture": 0.17258261933904528,
  "Gesture_to_Move": 0.09016727866177071,
  "Move_acc": 0.29955099422706866,
  "Move_to_NoGesture": 0.19243104554201412,
  "Move_to_Gesture": 0.5080179602309173
}