{
  "fold": 2,
  "best_epoch": 28,
  "val_accuracy": 0.4603125,
  "motion_accuracy": 0.6434375,
  "val_loss": 0.5792855024337769,
  "epochs_trained": 30,
  "NoGesture_acc": 0.4211775878442545,
  "NoGesture_to_Gesture": 0.4648622981956315,
  "NoGesture_to_Move": 0.11396011396011396,
  "Gesture_acc": 0.608140085186938,
  "Gesture_to_NoGesture": 0.26218646474207286,
  "Gesture_to_Move": 0.12967345007098913,
  "Move_acc": 0.35488308115543327,
  "Move_to_NoGesture": 0.2333791838606144,
  "Move_to_Gesture": 0.41173773498395233
}