{
  "fold": 1,
  "best_epoch": 14,
  "val_accuracy": 0.495625,
  "motion_accuracy": 0.655625,
  "val_loss": 0.5510441064834595,
  "epochs_trained": 21,
  "NoGesture_acc": 0.2489539748953975,
  "NoGesture_to_Gesture": 0.5087866108786611,
  "NoGesture_to_Move": 0.2422594142259414,
  "Gesture_acc": 0.627906976744186,
  "Gesture_to_NoGesture": 0.09261525907792738,
  "Gesture_to_Move": 0.27947776417788656,
  "Move_acc": 0.6658114175753689,
  "Move_to_NoGesture": 0.11674150096215523,
  "Move_to_Gesture": 0.21744708146247593
}