{
  "fold": 2,
  "best_epoch": 10,
  "val_accuracy": 0.4896875,
  "motion_accuracy": 0.71140625,
  "val_loss": 0.5631864070892334,
  "epochs_trained": 27,
  "NoGesture_acc": 0.46438746438746437,
  "NoGesture_to_Gesture": 0.4881291547958215,
  "NoGesture_to_Move": 0.04748338081671415,
  "Gesture_acc": 0.7652626597255088,
  "Gesture_to_NoGesture": 0.16422148603880737,
  "Gesture_to_Move": 0.07051585423568386,
  "Move_acc": 0.2471343420449335,
  "Move_to_NoGesture": 0.17056396148555708,
  "Move_to_Gesture": 0.5823016964695094
}