{
  "fold": 2,
  "best_epoch": 5,
  "val_accuracy": 0.47734375,
  "motion_accuracy": 0.64796875,
  "val_loss": 0.687267005443573,
  "epochs_trained": 18,
  "NoGesture_acc": 0.5427350427350427,
  "NoGesture_to_Gesture": 0.32811016144349475,
  "NoGesture_to_Move": 0.1291547958214625,
  "Gesture_acc": 0.46095598674869853,
  "Gesture_to_NoGesture": 0.30336015144344536,
  "Gesture_to_Move": 0.23568386180785614,
  "Move_acc": 0.4300779458963778,
  "Move_to_NoGesture": 0.2975699220541036,
  "Move_to_Gesture": 0.2723521320495186
}