{
  "fold": 1,
  "best_epoch": 8,
  "val_accuracy": 0.54421875,
  "motion_accuracy": 0.72046875,
  "val_loss": 0.5812719464302063,
  "epochs_trained": 24,
  "NoGesture_acc": 0.5435146443514645,
  "NoGesture_to_Gesture": 0.2673640167364017,
  "NoGesture_to_Move": 0.1891213389121339,
  "Gesture_acc": 0.6466748266013872,
  "Gesture_to_NoGesture": 0.1175030599755202,
  "Gesture_to_Move": 0.23582211342309262,
  "Move_acc": 0.38422065426555485,
  "Move_to_NoGesture": 0.26298909557408595,
  "Move_to_Gesture": 0.3527902501603592
}