{
  "fold": 1,
  "best_epoch": 10,
  "val_accuracy": 0.5228125,
  "motion_accuracy": 0.7103125,
  "val_loss": 0.5786808133125305,
  "epochs_trained": 24,
  "NoGesture_acc": 0.501673640167364,
  "NoGesture_to_Gesture": 0.3514644351464435,
  "NoGesture_to_Move": 0.14686192468619247,
  "Gesture_acc": 0.6478988168094655,
  "Gesture_to_NoGesture": 0.15463076295389636,
  "Gesture_to_Move": 0.1974704202366381,
  "Move_acc": 0.35856318152661965,
  "Move_to_NoGesture": 0.18216805644644002,
  "Move_to_Gesture": 0.45926876202694034
}