{
  "fold": 2,
  "best_epoch": 9,
  "val_accuracy": 0.4540625,
  "motion_accuracy": 0.6103125,
  "val_loss": 0.6455531120300293,
  "epochs_trained": 27,
  "NoGesture_acc": 0.4577397910731244,
  "NoGesture_to_Gesture": 0.3366571699905033,
  "NoGesture_to_Move": 0.20560303893637227,
  "Gesture_acc": 0.5925224798864174,
  "Gesture_to_NoGesture": 0.20823473734027448,
  "Gesture_to_Move": 0.1992427827733081,
  "Move_acc": 0.31636863823933975,
  "Move_to_NoGesture": 0.41815680880330125,
  "Move_to_Gesture": 0.265474552957359
}