{
  "fold": 2,
  "best_epoch": 24,
  "val_accuracy": 0.46546875,
  "motion_accuracy": 0.65515625,
  "val_loss": 0.5845319032669067,
  "epochs_trained": 30,
  "NoGesture_acc": 0.36087369420702753,
  "NoGesture_to_Gesture": 0.5085470085470085,
  "NoGesture_to_Move": 0.1305792972459639,
  "Gesture_acc": 0.628490298154283,
  "Gesture_to_NoGesture": 0.21580690960719356,
  "Gesture_to_Move": 0.15570279223852343,
  "Move_acc": 0.40852819807427787,
  "Move_to_NoGesture": 0.1856946354883081,
  "Move_to_Gesture": 0.405777166437414
}