{
  "fold": 2,
  "best_epoch": 3,
  "val_accuracy": 0.466875,
  "motion_accuracy": 0.7096875,
  "val_loss": 0.7774612903594971,
  "epochs_trained": 20,
  "NoGesture_acc": 0.4021842355175689,
  "NoGesture_to_Gesture": 0.5218423551756886,
  "NoGesture_to_Move": 0.07597340930674264,
  "Gesture_acc": 0.7775674396592522,
  "Gesture_to_NoGesture": 0.15144344533838144,
  "Gesture_to_Move": 0.07098911500236631,
  "Move_acc": 0.22833562585969738,
  "Move_to_NoGesture": 0.1279229711141678,
  "Move_to_Gesture": 0.6437414030261348
}