{
  "fold": 3,
  "best_epoch": 6,
  "val_accuracy": 0.4775,
  "motion_accuracy": 0.71984375,
  "val_loss": 0.6078745126724243,
  "epochs_trained": 23,
  "NoGesture_acc": 0.3643482266236757,
  "NoGesture_to_Gesture": 0.5637954859511746,
  "NoGesture_to_Move": 0.0718562874251497,
  "Gesture_acc": 0.8432971014492754,
  "Gesture_to_NoGesture": 0.06657608695652174,
  "Gesture_to_Move": 0.0901268115942029,
  "Move_acc": 0.19940623453735776,
  "Move_to_NoGesture": 0.13161801088570016,
  "Move_to_Gesture": 0.6689757545769421
}