{
  "fold": 1,
  "best_epoch": 49,
  "val_accuracy": 0.49015625,
  "motion_accuracy": 0.63265625,
  "val_loss": 0.5900141000747681,
  "epochs_trained": 50,
  "NoGesture_acc": 0.3292887029288703,
  "NoGesture_to_Gesture": 0.5560669456066946,
  "NoGesture_to_Move": 0.11464435146443515,
  "Gesture_acc": 0.7421460628314973,
  "Gesture_to_NoGesture": 0.15626274989800082,
  "Gesture_to_Move": 0.10159118727050184,
  "Move_acc": 0.34060295060936496,
  "Move_to_NoGesture": 0.23412443874278382,
  "Move_to_Gesture": 0.4252726106478512
}