{
  "fold": 3,
  "best_epoch": 12,
  "val_accuracy": 0.46171875,
  "motion_accuracy": 0.6409375,
  "val_loss": 0.5596351623535156,
  "epochs_trained": 25,
  "NoGesture_acc": 0.44818056195301703,
  "NoGesture_to_Gesture": 0.5163519115614924,
  "NoGesture_to_Move": 0.03546752648549056,
  "Gesture_acc": 0.6870471014492754,
  "Gesture_to_NoGesture": 0.23097826086956522,
  "Gesture_to_Move": 0.08197463768115942,
  "Move_acc": 0.23008411677387433,
  "Move_to_NoGesture": 0.29193468579910936,
  "Move_to_Gesture": 0.47798119742701634
}