{
  "fold": 2,
  "best_epoch": 29,
  "val_accuracy": 0.43234375,
  "motion_accuracy": 0.63421875,
  "val_loss": 0.5528021454811096,
  "epochs_trained": 42,
  "NoGesture_acc": 0.23646723646723647,
  "NoGesture_to_Gesture": 0.6828110161443495,
  "NoGesture_to_Move": 0.08072174738841406,
  "Gesture_acc": 0.7714150496923805,
  "Gesture_to_NoGesture": 0.17463322290582112,
  "Gesture_to_Move": 0.05395172740179839,
  "Move_acc": 0.29298486932599727,
  "Move_to_NoGesture": 0.166895919303072,
  "Move_to_Gesture": 0.5401192113709308
}