{
  "fold": 2,
  "best_epoch": 21,
  "val_accuracy": 0.50296875,
  "motion_accuracy": 0.67265625,
  "val_loss": 0.5276951789855957,
  "epochs_trained": 70,
  "NoGesture_acc": 0.5954415954415955,
  "NoGesture_to_Gesture": 0.2981956315289649,
  "NoGesture_to_Move": 0.1063627730294397,
  "Gesture_acc": 0.5565546616185518,
  "Gesture_to_NoGesture": 0.3615712257453857,
  "Gesture_to_Move": 0.08187411263606247,
  "Move_acc": 0.36176066024759285,
  "Move_to_NoGesture": 0.21962402567629527,
  "Move_to_Gesture": 0.41861531407611186
}