{
  "fold": 2,
  "best_epoch": 23,
  "val_accuracy": 0.48484375,
  "motion_accuracy": 0.6725,
  "val_loss": 0.5282087922096252,
  "epochs_trained": 30,
  "NoGesture_acc": 0.34947768281101615,
  "NoGesture_to_Gesture": 0.5346628679962013,
  "NoGesture_to_Move": 0.11585944919278253,
  "Gesture_acc": 0.6658778987221959,
  "Gesture_to_NoGesture": 0.19309039280643633,
  "Gesture_to_Move": 0.14103170847136773,
  "Move_acc": 0.4401650618982118,
  "Move_to_NoGesture": 0.14580467675378267,
  "Move_to_Gesture": 0.4140302613480055
}