{
  "fold": 3,
  "best_epoch": 18,
  "val_accuracy": 0.55546875,
  "motion_accuracy": 0.72375,
  "val_loss": 0.6869505047798157,
  "epochs_trained": 23,
  "NoGesture_acc": 0.5886688162137264,
  "NoGesture_to_Gesture": 0.2809765085214187,
  "NoGesture_to_Move": 0.13035467526485492,
  "Gesture_acc": 0.6431159420289855,
  "Gesture_to_NoGesture": 0.18840579710144928,
  "Gesture_to_Move": 0.16847826086956522,
  "Move_acc": 0.4240475012370114,
  "Move_to_NoGesture": 0.22711528946066303,
  "Move_to_Gesture": 0.3488372093023256
}