{
  "fold": 2,
  "best_epoch": 6,
  "val_accuracy": 0.48203125,
  "motion_accuracy": 0.62328125,
  "val_loss": 0.7455035448074341,
  "epochs_trained": 19,
  "NoGesture_acc": 0.5123456790123457,
  "NoGesture_to_Gesture": 0.42735042735042733,
  "NoGesture_to_Move": 0.06030389363722697,
  "Gesture_acc": 0.5650733554188357,
  "Gesture_to_NoGesture": 0.2659725508755324,
  "Gesture_to_Move": 0.1689540937056318,
  "Move_acc": 0.3723062815222375,
  "Move_to_NoGesture": 0.3768913342503439,
  "Move_to_Gesture": 0.25080238422741863
}