{
  "fold": 3,
  "best_epoch": 12,
  "val_accuracy": 0.46859375,
  "motion_accuracy": 0.63953125,
  "val_loss": 0.6219643950462341,
  "epochs_trained": 25,
  "NoGesture_acc": 0.49792722247812066,
  "NoGesture_to_Gesture": 0.46107784431137727,
  "NoGesture_to_Move": 0.04099493321050207,
  "Gesture_acc": 0.6440217391304348,
  "Gesture_to_NoGesture": 0.2572463768115942,
  "Gesture_to_Move": 0.09873188405797101,
  "Move_acc": 0.24542305789213262,
  "Move_to_NoGesture": 0.3211281543790203,
  "Move_to_Gesture": 0.4334487877288471
}