{
  "fold": 1,
  "best_epoch": 19,
  "val_accuracy": 0.47703125,
  "motion_accuracy": 0.65375,
  "val_loss": 0.5831555724143982,
  "epochs_trained": 27,
  "NoGesture_acc": 0.3179916317991632,
  "NoGesture_to_Gesture": 0.5129707112970712,
  "NoGesture_to_Move": 0.16903765690376568,
  "Gesture_acc": 0.6756425948592412,
  "Gesture_to_NoGesture": 0.14932680538555693,
  "Gesture_to_Move": 0.17503059975520197,
  "Move_acc": 0.4085952533675433,
  "Move_to_NoGesture": 0.14111610006414368,
  "Move_to_Gesture": 0.450288646568313
}