{
  "fold": 1,
  "best_epoch": 4,
  "val_accuracy": 0.480625,
  "motion_accuracy": 0.690625,
  "val_loss": 0.7030487656593323,
  "epochs_trained": 24,
  "NoGesture_acc": 0.5184100418410041,
  "NoGesture_to_Gesture": 0.3292887029288703,
  "NoGesture_to_Move": 0.15230125523012553,
  "Gesture_acc": 0.5952672378620971,
  "Gesture_to_NoGesture": 0.25091799265605874,
  "Gesture_to_Move": 0.15381476948184414,
  "Move_acc": 0.24246311738293777,
  "Move_to_NoGesture": 0.1372674791533034,
  "Move_to_Gesture": 0.6202694034637588
}