{
  "fold": 1,
  "best_epoch": 23,
  "val_accuracy": 0.556875,
  "motion_accuracy": 0.7340625,
  "val_loss": 0.5973551273345947,
  "epochs_trained": 25,
  "NoGesture_acc": 0.6242677824267783,
  "NoGesture_to_Gesture": 0.2581589958158996,
  "NoGesture_to_Move": 0.11757322175732217,
  "Gesture_acc": 0.6903304773561811,
  "Gesture_to_NoGesture": 0.1656466748266014,
  "Gesture_to_Move": 0.14402284781721747,
  "Move_acc": 0.24374599101988453,
  "Move_to_NoGesture": 0.2552918537524054,
  "Move_to_Gesture": 0.50096215522771
}