{
  "fold": 3,
  "best_epoch": 4,
  "val_accuracy": 0.4946875,
  "motion_accuracy": 0.71828125,
  "val_loss": 0.7367182374000549,
  "epochs_trained": 22,
  "NoGesture_acc": 0.40304007369875633,
  "NoGesture_to_Gesture": 0.4882542607093505,
  "NoGesture_to_Move": 0.10870566559189314,
  "Gesture_acc": 0.8115942028985508,
  "Gesture_to_NoGesture": 0.09239130434782608,
  "Gesture_to_Move": 0.09601449275362318,
  "Move_acc": 0.24690747154873824,
  "Move_to_NoGesture": 0.14992577931716972,
  "Move_to_Gesture": 0.6031667491340921
}