{
  "fold": 1,
  "best_epoch": 6,
  "val_accuracy": 0.48859375,
  "motion_accuracy": 0.65328125,
  "val_loss": 0.5675094127655029,
  "epochs_trained": 19,
  "NoGesture_acc": 0.43430962343096235,
  "NoGesture_to_Gesture": 0.3920502092050209,
  "NoGesture_to_Move": 0.17364016736401675,
  "Gesture_acc": 0.5279477764177887,
  "Gesture_to_NoGesture": 0.20155038759689922,
  "Gesture_to_Move": 0.27050183598531213,
  "Move_acc": 0.5099422706863374,
  "Move_to_NoGesture": 0.23925593329057088,
  "Move_to_Gesture": 0.2508017960230917
}