{
  "fold": 2,
  "best_epoch": 4,
  "val_accuracy": 0.41671875,
  "motion_accuracy": 0.59703125,
  "val_loss": 0.7219455242156982,
  "epochs_trained": 20,
  "NoGesture_acc": 0.4805318138651472,
  "NoGesture_to_Gesture": 0.4121557454890788,
  "NoGesture_to_Move": 0.10731244064577398,
  "Gesture_acc": 0.5205868433506863,
  "Gesture_to_NoGesture": 0.22905821107430194,
  "Gesture_to_Move": 0.2503549455750118,
  "Move_acc": 0.2544704264099037,
  "Move_to_NoGesture": 0.45896377808344796,
  "Move_to_Gesture": 0.28656579550664835
}