{
  "fold": 1,
  "best_epoch": 6,
  "val_accuracy": 0.47984375,
  "motion_accuracy": 0.67671875,
  "val_loss": 0.7424961924552917,
  "epochs_trained": 24,
  "NoGesture_acc": 0.2305439330543933,
  "NoGesture_to_Gesture": 0.6903765690376569,
  "NoGesture_to_Move": 0.0790794979079498,
  "Gesture_acc": 0.9143206854345165,
  "Gesture_to_NoGesture": 0.03712770297837617,
  "Gesture_to_Move": 0.0485516115871073,
  "Move_acc": 0.17896087235407312,
  "Move_to_NoGesture": 0.08915971776779986,
  "Move_to_Gesture": 0.731879409878127
}