{
  "fold": 2,
  "best_epoch": 5,
  "val_accuracy": 0.5046875,
  "motion_accuracy": 0.701875,
  "val_loss": 0.6509377360343933,
  "epochs_trained": 20,
  "NoGesture_acc": 0.44776828110161443,
  "NoGesture_to_Gesture": 0.4226020892687559,
  "NoGesture_to_Move": 0.12962962962962962,
  "Gesture_acc": 0.7174633222905821,
  "Gesture_to_NoGesture": 0.15333648840511122,
  "Gesture_to_Move": 0.12920018930430668,
  "Move_acc": 0.3535075653370014,
  "Move_to_NoGesture": 0.19303071985327833,
  "Move_to_Gesture": 0.4534617148097203
}