{
  "fold": 3,
  "best_epoch": 14,
  "val_accuracy": 0.48796875,
  "motion_accuracy": 0.64953125,
  "val_loss": 0.5472242832183838,
  "epochs_trained": 28,
  "NoGesture_acc": 0.490557346844772,
  "NoGesture_to_Gesture": 0.4661446338093045,
  "NoGesture_to_Move": 0.04329801934592354,
  "Gesture_acc": 0.6707427536231884,
  "Gesture_to_NoGesture": 0.23550724637681159,
  "Gesture_to_Move": 0.09375,
  "Move_acc": 0.2855022266204849,
  "Move_to_NoGesture": 0.3052944087085601,
  "Move_to_Gesture": 0.40920336467095497
}