{
  "fold": 3,
  "best_epoch": 8,
  "val_accuracy": 0.556875,
  "motion_accuracy": 0.664375,
  "val_loss": 0.8199482560157776,
  "epochs_trained": 23,
  "NoGesture_acc": 0.6209120221096269,
  "NoGesture_to_Gesture": 0.27775218793182865,
  "NoGesture_to_Move": 0.10133578995854445,
  "Gesture_acc": 0.7250905797101449,
  "Gesture_to_NoGesture": 0.22418478260869565,
  "Gesture_to_Move": 0.050724637681159424,
  "Move_acc": 0.30430479960415635,
  "Move_to_NoGesture": 0.4106877783275606,
  "Move_to_Gesture": 0.285007422068283
}