{
  "fold": 3,
  "best_epoch": 18,
  "val_accuracy": 0.55,
  "motion_accuracy": 0.71984375,
  "val_loss": 0.5770767331123352,
  "epochs_trained": 28,
  "NoGesture_acc": 0.5555043758636573,
  "NoGesture_to_Gesture": 0.2349147858129894,
  "NoGesture_to_Move": 0.20958083832335328,
  "Gesture_acc": 0.48731884057971014,
  "Gesture_to_NoGesture": 0.17074275362318841,
  "Gesture_to_Move": 0.34193840579710144,
  "Move_acc": 0.6125680356259278,
  "Move_to_NoGesture": 0.223156853043048,
  "Move_to_Gesture": 0.16427511133102424
}