{
  "fold": 1,
  "best_epoch": 11,
  "val_accuracy": 0.47046875,
  "motion_accuracy": 0.67421875,
  "val_loss": 0.6357753872871399,
  "epochs_trained": 27,
  "NoGesture_acc": 0.1815899581589958,
  "NoGesture_to_Gesture": 0.6891213389121339,
  "NoGesture_to_Move": 0.1292887029288703,
  "Gesture_acc": 0.8886168910648715,
  "Gesture_to_NoGesture": 0.025703794369645042,
  "Gesture_to_Move": 0.08567931456548347,
  "Move_acc": 0.25593329057087877,
  "Move_to_NoGesture": 0.042334830019243104,
  "Move_to_Gesture": 0.7017318794098781
}