{
  "fold": 2,
  "best_epoch": 11,
  "val_accuracy": 0.52046875,
  "motion_accuracy": 0.70015625,
  "val_loss": 0.8329710960388184,
  "epochs_trained": 20,
  "NoGesture_acc": 0.6125356125356125,
  "NoGesture_to_Gesture": 0.2644824311490978,
  "NoGesture_to_Move": 0.12298195631528964,
  "Gesture_acc": 0.6119261713203975,
  "Gesture_to_NoGesture": 0.2645527685754851,
  "Gesture_to_Move": 0.12352106010411737,
  "Move_acc": 0.3429619440623567,
  "Move_to_NoGesture": 0.2494268684089867,
  "Move_to_Gesture": 0.4076111875286566
}