{
  "fold": 3,
  "best_epoch": 21,
  "val_accuracy": 0.5175,
  "motion_accuracy": 0.62984375,
  "val_loss": 0.6719458103179932,
  "epochs_trained": 23,
  "NoGesture_acc": 0.6766467065868264,
  "NoGesture_to_Gesture": 0.17319207738369416,
  "NoGesture_to_Move": 0.15016121602947952,
  "Gesture_acc": 0.5221920289855072,
  "Gesture_to_NoGesture": 0.34556159420289856,
  "Gesture_to_Move": 0.1322463768115942,
  "Move_acc": 0.3414151410192974,
  "Move_to_NoGesture": 0.44730331519049976,
  "Move_to_Gesture": 0.21128154379020286
}