{
  "fold": 1,
  "best_epoch": 5,
  "val_accuracy": 0.57140625,
  "motion_accuracy": 0.7253125,
  "val_loss": 0.7275273203849792,
  "epochs_trained": 25,
  "NoGesture_acc": 0.6368200836820084,
  "NoGesture_to_Gesture": 0.2673640167364017,
  "NoGesture_to_Move": 0.09581589958158995,
  "Gesture_acc": 0.7274581803345573,
  "Gesture_to_NoGesture": 0.17503059975520197,
  "Gesture_to_Move": 0.09751121991024071,
  "Move_acc": 0.22578576010262988,
  "Move_to_NoGesture": 0.29570237331622834,
  "Move_to_Gesture": 0.47851186658114175
}