{
  "fold": 1,
  "best_epoch": 8,
  "val_accuracy": 0.47671875,
  "motion_accuracy": 0.6753125,
  "val_loss": 0.7202496528625488,
  "epochs_trained": 31,
  "NoGesture_acc": 0.22468619246861923,
  "NoGesture_to_Gesture": 0.6711297071129707,
  "NoGesture_to_Move": 0.10418410041841004,
  "Gesture_acc": 0.8935128518971848,
  "Gesture_to_NoGesture": 0.04324765401876785,
  "Gesture_to_Move": 0.06323949408404733,
  "Move_acc": 0.20782552918537525,
  "Move_to_NoGesture": 0.07633098139833226,
  "Move_to_Gesture": 0.7158434894162925
}