{
  "fold": 3,
  "best_epoch": 9,
  "val_accuracy": 0.42703125,
  "motion_accuracy": 0.63390625,
  "val_loss": 0.729553759098053,
  "epochs_trained": 15,
  "NoGesture_acc": 0.28374021188392445,
  "NoGesture_to_Gesture": 0.23906034085674804,
  "NoGesture_to_Move": 0.4771994472593275,
  "Gesture_acc": 0.3333333333333333,
  "Gesture_to_NoGesture": 0.19021739130434784,
  "Gesture_to_Move": 0.47644927536231885,
  "Move_acc": 0.6833250865907966,
  "Move_to_NoGesture": 0.18208807521029194,
  "Move_to_Gesture": 0.13458683819891143
}