{
  "fold": 1,
  "best_epoch": 14,
  "val_accuracy": 0.47296875,
  "motion_accuracy": 0.67140625,
  "val_loss": 0.7460551261901855,
  "epochs_trained": 17,
  "NoGesture_acc": 0.4351464435146444,
  "NoGesture_to_Gesture": 0.3702928870292887,
  "NoGesture_to_Move": 0.19456066945606695,
  "Gesture_acc": 0.5605875152998776,
  "Gesture_to_NoGesture": 0.22684618523051817,
  "Gesture_to_Move": 0.21256629946960423,
  "Move_acc": 0.39320076972418216,
  "Move_to_NoGesture": 0.12636305323925592,
  "Move_to_Gesture": 0.4804361770365619
}