{
  "fold": 2,
  "best_epoch": 22,
  "val_accuracy": 0.46015625,
  "motion_accuracy": 0.64484375,
  "val_loss": 0.5440438985824585,
  "epochs_trained": 36,
  "NoGesture_acc": 0.37606837606837606,
  "NoGesture_to_Gesture": 0.5398860398860399,
  "NoGesture_to_Move": 0.08404558404558404,
  "Gesture_acc": 0.7061050638902036,
  "Gesture_to_NoGesture": 0.23710364410790347,
  "Gesture_to_Move": 0.05679129200189304,
  "Move_acc": 0.30307198532783125,
  "Move_to_NoGesture": 0.2099954149472719,
  "Move_to_Gesture": 0.48693259972489683
}