{
  "fold": 1,
  "best_epoch": 10,
  "val_accuracy": 0.51171875,
  "motion_accuracy": 0.71765625,
  "val_loss": 0.6910538673400879,
  "epochs_trained": 21,
  "NoGesture_acc": 0.4820083682008368,
  "NoGesture_to_Gesture": 0.3891213389121339,
  "NoGesture_to_Move": 0.12887029288702928,
  "Gesture_acc": 0.7201142390860873,
  "Gesture_to_NoGesture": 0.16931864545083639,
  "Gesture_to_Move": 0.1105671154630763,
  "Move_acc": 0.22963438101347017,
  "Move_to_NoGesture": 0.09878127004490057,
  "Move_to_Gesture": 0.6715843489416292
}