{
  "fold": 1,
  "best_epoch": 27,
  "val_accuracy": 0.4846875,
  "motion_accuracy": 0.65125,
  "val_loss": 0.5713537931442261,
  "epochs_trained": 41,
  "NoGesture_acc": 0.3087866108786611,
  "NoGesture_to_Gesture": 0.602510460251046,
  "NoGesture_to_Move": 0.0887029288702929,
  "Gesture_acc": 0.7674418604651163,
  "Gesture_to_NoGesture": 0.138718890248878,
  "Gesture_to_Move": 0.09383924928600572,
  "Move_acc": 0.3098139833226427,
  "Move_to_NoGesture": 0.1539448364336113,
  "Move_to_Gesture": 0.536241180243746
}