{
  "fold": 2,
  "best_epoch": 14,
  "val_accuracy": 0.48859375,
  "motion_accuracy": 0.664375,
  "val_loss": 0.5480414628982544,
  "epochs_trained": 30,
  "NoGesture_acc": 0.5147198480531814,
  "NoGesture_to_Gesture": 0.3741690408357075,
  "NoGesture_to_Move": 0.1111111111111111,
  "Gesture_acc": 0.6043539990534784,
  "Gesture_to_NoGesture": 0.2872692853762423,
  "Gesture_to_Move": 0.10837671557027923,
  "Move_acc": 0.3512150389729482,
  "Move_to_NoGesture": 0.23796423658872076,
  "Move_to_Gesture": 0.41082072443833106
}