{
  "fold": 1,
  "best_epoch": 14,
  "val_accuracy": 0.55328125,
  "motion_accuracy": 0.7128125,
  "val_loss": 0.6912190318107605,
  "epochs_trained": 21,
  "NoGesture_acc": 0.5841004184100418,
  "NoGesture_to_Gesture": 0.32217573221757323,
  "NoGesture_to_Move": 0.09372384937238494,
  "Gesture_acc": 0.6576907384740922,
  "Gesture_to_NoGesture": 0.23459812321501428,
  "Gesture_to_Move": 0.10771113831089352,
  "Move_acc": 0.34188582424631175,
  "Move_to_NoGesture": 0.1725465041693393,
  "Move_to_Gesture": 0.48556767158434894
}