{
  "fold": 2,
  "best_epoch": 23,
  "val_accuracy": 0.420625,
  "motion_accuracy": 0.641875,
  "val_loss": 0.6526330709457397,
  "epochs_trained": 27,
  "NoGesture_acc": 0.40788224121557454,
  "NoGesture_to_Gesture": 0.4919278252611586,
  "NoGesture_to_Move": 0.10018993352326686,
  "Gesture_acc": 0.6332229058211074,
  "Gesture_to_NoGesture": 0.19072408897302415,
  "Gesture_to_Move": 0.17605300520586845,
  "Move_acc": 0.22696011004126548,
  "Move_to_NoGesture": 0.29436038514442914,
  "Move_to_Gesture": 0.4786795048143054
}