{
  "fold": 1,
  "best_epoch": 11,
  "val_accuracy": 0.5621875,
  "motion_accuracy": 0.71890625,
  "val_loss": 0.7666990756988525,
  "epochs_trained": 31,
  "NoGesture_acc": 0.6665271966527196,
  "NoGesture_to_Gesture": 0.23598326359832636,
  "NoGesture_to_Move": 0.09748953974895397,
  "Gesture_acc": 0.6866585067319462,
  "Gesture_to_NoGesture": 0.21379028967768257,
  "Gesture_to_Move": 0.09955120359037127,
  "Move_acc": 0.2065426555484285,
  "Move_to_NoGesture": 0.30660679923027584,
  "Move_to_Gesture": 0.4868505452212957
}