{
  "fold": 3,
  "best_epoch": 16,
  "val_accuracy": 0.4596875,
  "motion_accuracy": 0.66015625,
  "val_loss": 0.6689496636390686,
  "epochs_trained": 17,
  "NoGesture_acc": 0.2975587286964532,
  "NoGesture_to_Gesture": 0.30446798710271766,
  "NoGesture_to_Move": 0.3979732842008291,
  "Gesture_acc": 0.41847826086956524,
  "Gesture_to_NoGesture": 0.14402173913043478,
  "Gesture_to_Move": 0.4375,
  "Move_acc": 0.6788718456209797,
  "Move_to_NoGesture": 0.16427511133102424,
  "Move_to_Gesture": 0.15685304304799605
}