{
  "fold": 1,
  "best_epoch": 27,
  "val_accuracy": 0.5171875,
  "motion_accuracy": 0.70109375,
  "val_loss": 0.5737444162368774,
  "epochs_trained": 34,
  "NoGesture_acc": 0.5246861924686193,
  "NoGesture_to_Gesture": 0.295397489539749,
  "NoGesture_to_Move": 0.1799163179916318,
  "Gesture_acc": 0.569563443492452,
  "Gesture_to_NoGesture": 0.21950224398204815,
  "Gesture_to_Move": 0.2109343125254998,
  "Move_acc": 0.423348300192431,
  "Move_to_NoGesture": 0.15330339961513792,
  "Move_to_Gesture": 0.423348300192431
}