{
  "fold": 1,
  "best_epoch": 22,
  "val_accuracy": 0.46734375,
  "motion_accuracy": 0.674375,
  "val_loss": 0.5898874998092651,
  "epochs_trained": 27,
  "NoGesture_acc": 0.18828451882845187,
  "NoGesture_to_Gesture": 0.7167364016736402,
  "NoGesture_to_Move": 0.09497907949790795,
  "Gesture_acc": 0.8767849857201142,
  "Gesture_to_NoGesture": 0.025703794369645042,
  "Gesture_to_Move": 0.09751121991024071,
  "Move_acc": 0.2514432328415651,
  "Move_to_NoGesture": 0.05195638229634381,
  "Move_to_Gesture": 0.6966003848620911
}