{
  "fold": 1,
  "best_epoch": 12,
  "val_accuracy": 0.468125,
  "motion_accuracy": 0.65546875,
  "val_loss": 0.5439689755439758,
  "epochs_trained": 41,
  "NoGesture_acc": 0.297489539748954,
  "NoGesture_to_Gesture": 0.5539748953974896,
  "NoGesture_to_Move": 0.14853556485355648,
  "Gesture_acc": 0.7082823337413301,
  "Gesture_to_NoGesture": 0.13382292941656468,
  "Gesture_to_Move": 0.15789473684210525,
  "Move_acc": 0.3521488133418858,
  "Move_to_NoGesture": 0.12700449005772932,
  "Move_to_Gesture": 0.5208466966003849
}