{
  "fold": 2,
  "best_epoch": 19,
  "val_accuracy": 0.46984375,
  "motion_accuracy": 0.6521875,
  "val_loss": 0.5335521101951599,
  "epochs_trained": 37,
  "NoGesture_acc": 0.4031339031339031,
  "NoGesture_to_Gesture": 0.4819563152896486,
  "NoGesture_to_Move": 0.11490978157644824,
  "Gesture_acc": 0.6672976810222433,
  "Gesture_to_NoGesture": 0.23284429720776148,
  "Gesture_to_Move": 0.09985802176999527,
  "Move_acc": 0.3429619440623567,
  "Move_to_NoGesture": 0.218707015130674,
  "Move_to_Gesture": 0.4383310408069693
}