{
  "fold": 2,
  "best_epoch": 1,
  "val_accuracy": 0.47640625,
  "motion_accuracy": 0.6884375,
  "val_loss": 0.7436200976371765,
  "epochs_trained": 23,
  "NoGesture_acc": 0.4710351377018044,
  "NoGesture_to_Gesture": 0.36562203228869894,
  "NoGesture_to_Move": 0.16334283000949668,
  "Gesture_acc": 0.6900141978230004,
  "Gesture_to_NoGesture": 0.1765262659725509,
  "Gesture_to_Move": 0.13345953620444864,
  "Move_acc": 0.2746446584135718,
  "Move_to_NoGesture": 0.2324621733149931,
  "Move_to_Gesture": 0.49289316827143514
}