{
  "fold": 3,
  "best_epoch": 12,
  "val_accuracy": 0.53703125,
  "motion_accuracy": 0.6275,
  "val_loss": 0.8576779961585999,
  "epochs_trained": 20,
  "NoGesture_acc": 0.5734684477199448,
  "NoGesture_to_Gesture": 0.28327959465684016,
  "NoGesture_to_Move": 0.1432519576232151,
  "Gesture_acc": 0.6779891304347826,
  "Gesture_to_NoGesture": 0.23550724637681159,
  "Gesture_to_Move": 0.08650362318840579,
  "Move_acc": 0.34388916378030676,
  "Move_to_NoGesture": 0.46412666996536367,
  "Move_to_Gesture": 0.19198416625432954
}