{
  "fold": 1,
  "best_epoch": 0,
  "val_accuracy": 0.4975,
  "motion_accuracy": 0.6896875,
  "val_loss": 1.1277364492416382,
  "epochs_trained": 29,
  "NoGesture_acc": 0.2673640167364017,
  "NoGesture_to_Gesture": 0.6112970711297071,
  "NoGesture_to_Move": 0.12133891213389121,
  "Gesture_acc": 0.8910648714810282,
  "Gesture_to_NoGesture": 0.04732762137902897,
  "Gesture_to_Move": 0.06160750713994288,
  "Move_acc": 0.23155869146889033,
  "Move_to_NoGesture": 0.07633098139833226,
  "Move_to_Gesture": 0.6921103271327774
}