{
  "fold": 2,
  "best_epoch": 13,
  "val_accuracy": 0.500625,
  "motion_accuracy": 0.6828125,
  "val_loss": 0.8217143416404724,
  "epochs_trained": 21,
  "NoGesture_acc": 0.5726495726495726,
  "NoGesture_to_Gesture": 0.38698955365622034,
  "NoGesture_to_Move": 0.04036087369420703,
  "Gesture_acc": 0.5991481306199716,
  "Gesture_to_NoGesture": 0.2953147184098438,
  "Gesture_to_Move": 0.10553715097018457,
  "Move_acc": 0.3356258596973865,
  "Move_to_NoGesture": 0.23200366804218248,
  "Move_to_Gesture": 0.432370472260431
}