{
  "fold": 2,
  "best_epoch": 11,
  "val_accuracy": 0.39734375,
  "motion_accuracy": 0.570625,
  "val_loss": 0.7336363792419434,
  "epochs_trained": 23,
  "NoGesture_acc": 0.48670465337132,
  "NoGesture_to_Gesture": 0.24311490978157646,
  "NoGesture_to_Move": 0.2701804368471035,
  "Gesture_acc": 0.4458116422148604,
  "Gesture_to_NoGesture": 0.24751538097491718,
  "Gesture_to_Move": 0.30667297681022243,
  "Move_acc": 0.2640990371389271,
  "Move_to_NoGesture": 0.5245300320953691,
  "Move_to_Gesture": 0.21137093076570382
}