{
  "fold": 2,
  "best_epoch": 16,
  "val_accuracy": 0.44234375,
  "motion_accuracy": 0.64609375,
  "val_loss": 0.6049346327781677,
  "epochs_trained": 25,
  "NoGesture_acc": 0.4154795821462488,
  "NoGesture_to_Gesture": 0.49810066476733145,
  "NoGesture_to_Move": 0.08641975308641975,
  "Gesture_acc": 0.6261239943208708,
  "Gesture_to_NoGesture": 0.2806436346426881,
  "Gesture_to_Move": 0.09323237103644108,
  "Move_acc": 0.2902338376891334,
  "Move_to_NoGesture": 0.20220082530949107,
  "Move_to_Gesture": 0.5075653370013755
}