{
  "fold": 1,
  "best_epoch": 31,
  "val_accuracy": 0.550625,
  "motion_accuracy": 0.706875,
  "val_loss": 0.49589306116104126,
  "epochs_trained": 52,
  "NoGesture_acc": 0.4619246861924686,
  "NoGesture_to_Gesture": 0.4108786610878661,
  "NoGesture_to_Move": 0.12719665271966527,
  "Gesture_acc": 0.7144022847817217,
  "Gesture_to_NoGesture": 0.15463076295389636,
  "Gesture_to_Move": 0.13096695226438188,
  "Move_acc": 0.4291212315586915,
  "Move_to_NoGesture": 0.13534316869788326,
  "Move_to_Gesture": 0.43553559974342526
}