{
  "fold": 2,
  "best_epoch": 25,
  "val_accuracy": 0.433125,
  "motion_accuracy": 0.62296875,
  "val_loss": 0.6071081161499023,
  "epochs_trained": 32,
  "NoGesture_acc": 0.37369420702754036,
  "NoGesture_to_Gesture": 0.5527065527065527,
  "NoGesture_to_Move": 0.07359924026590693,
  "Gesture_acc": 0.6620918125887364,
  "Gesture_to_NoGesture": 0.2588736393752958,
  "Gesture_to_Move": 0.07903454803596782,
  "Move_acc": 0.26868408986703346,
  "Move_to_NoGesture": 0.25080238422741863,
  "Move_to_Gesture": 0.4805135259055479
}