{
  "fold": 3,
  "best_epoch": 10,
  "val_accuracy": 0.4975,
  "motion_accuracy": 0.6090625,
  "val_loss": 0.7486052513122559,
  "epochs_trained": 18,
  "NoGesture_acc": 0.597420543528328,
  "NoGesture_to_Gesture": 0.1962229387379088,
  "NoGesture_to_Move": 0.20635651773376323,
  "Gesture_acc": 0.4855072463768116,
  "Gesture_to_NoGesture": 0.36186594202898553,
  "Gesture_to_Move": 0.1526268115942029,
  "Move_acc": 0.40326571004453243,
  "Move_to_NoGesture": 0.41019297377535874,
  "Move_to_Gesture": 0.18654131618010886
}