{
  "fold": 2,
  "best_epoch": 8,
  "val_accuracy": 0.53453125,
  "motion_accuracy": 0.733125,
  "val_loss": 0.6202794313430786,
  "epochs_trained": 23,
  "NoGesture_acc": 0.409306742640076,
  "NoGesture_to_Gesture": 0.40788224121557454,
  "NoGesture_to_Move": 0.18281101614434947,
  "Gesture_acc": 0.7127307146237577,
  "Gesture_to_NoGesture": 0.10269758637008992,
  "Gesture_to_Move": 0.1845716990061524,
  "Move_acc": 0.4828060522696011,
  "Move_to_NoGesture": 0.11325080238422743,
  "Move_to_Gesture": 0.4039431453461715
}