{
  "fold": 1,
  "best_epoch": 22,
  "val_accuracy": 0.5134375,
  "motion_accuracy": 0.670625,
  "val_loss": 0.5223459601402283,
  "epochs_trained": 35,
  "NoGesture_acc": 0.38661087866108784,
  "NoGesture_to_Gesture": 0.5594142259414226,
  "NoGesture_to_Move": 0.05397489539748954,
  "Gesture_acc": 0.7658098735210118,
  "Gesture_to_NoGesture": 0.15299877600979192,
  "Gesture_to_Move": 0.08119135046919625,
  "Move_acc": 0.3110968569595895,
  "Move_to_NoGesture": 0.17126363053239255,
  "Move_to_Gesture": 0.517639512508018
}