{
  "fold": 2,
  "best_epoch": 7,
  "val_accuracy": 0.48625,
  "motion_accuracy": 0.721875,
  "val_loss": 0.6990590691566467,
  "epochs_trained": 22,
  "NoGesture_acc": 0.48243114909781576,
  "NoGesture_to_Gesture": 0.443019943019943,
  "NoGesture_to_Move": 0.07454890788224122,
  "Gesture_acc": 0.7572172266919073,
  "Gesture_to_NoGesture": 0.1732134406057738,
  "Gesture_to_Move": 0.06956933270231898,
  "Move_acc": 0.22741861531407612,
  "Move_to_NoGesture": 0.1485557083906465,
  "Move_to_Gesture": 0.6240256762952774
}