{
  "fold": 3,
  "best_epoch": 6,
  "val_accuracy": 0.46953125,
  "motion_accuracy": 0.70234375,
  "val_loss": 0.591084361076355,
  "epochs_trained": 22,
  "NoGesture_acc": 0.33440810686319666,
  "NoGesture_to_Gesture": 0.5743896821741133,
  "NoGesture_to_Move": 0.09120221096269,
  "Gesture_acc": 0.8061594202898551,
  "Gesture_to_NoGesture": 0.07518115942028986,
  "Gesture_to_Move": 0.11865942028985507,
  "Move_acc": 0.24690747154873824,
  "Move_to_NoGesture": 0.1454725383473528,
  "Move_to_Gesture": 0.607619990103909
}