{
  "fold": 1,
  "best_epoch": 20,
  "val_accuracy": 0.48453125,
  "motion_accuracy": 0.660625,
  "val_loss": 0.5333454012870789,
  "epochs_trained": 32,
  "NoGesture_acc": 0.32552301255230126,
  "NoGesture_to_Gesture": 0.5460251046025104,
  "NoGesture_to_Move": 0.1284518828451883,
  "Gesture_acc": 0.7119543043655651,
  "Gesture_to_NoGesture": 0.138718890248878,
  "Gesture_to_Move": 0.14932680538555693,
  "Move_acc": 0.3707504810776139,
  "Move_to_NoGesture": 0.14111610006414368,
  "Move_to_Gesture": 0.48813341885824246
}