{
  "fold": 3,
  "best_epoch": 10,
  "val_accuracy": 0.4125,
  "motion_accuracy": 0.6290625,
  "val_loss": 0.6188286542892456,
  "epochs_trained": 21,
  "NoGesture_acc": 0.2164900967296177,
  "NoGesture_to_Gesture": 0.7227084292952557,
  "NoGesture_to_Move": 0.06080147397512667,
  "Gesture_acc": 0.792572463768116,
  "Gesture_to_NoGesture": 0.09420289855072464,
  "Gesture_to_Move": 0.11322463768115942,
  "Move_acc": 0.2078179119247897,
  "Move_to_NoGesture": 0.23008411677387433,
  "Move_to_Gesture": 0.562097971301336
}