{
  "fold": 2,
  "best_epoch": 27,
  "val_accuracy": 0.51234375,
  "motion_accuracy": 0.685625,
  "val_loss": 0.5760908722877502,
  "epochs_trained": 29,
  "NoGesture_acc": 0.5555555555555556,
  "NoGesture_to_Gesture": 0.28347578347578345,
  "NoGesture_to_Move": 0.16096866096866097,
  "Gesture_acc": 0.4988168480832939,
  "Gesture_to_NoGesture": 0.3151916706105064,
  "Gesture_to_Move": 0.18599148130619972,
  "Move_acc": 0.48372306281522237,
  "Move_to_NoGesture": 0.1879871618523613,
  "Move_to_Gesture": 0.3282897753324163
}