{
  "fold": 3,
  "best_epoch": 23,
  "val_accuracy": 0.6034375,
  "motion_accuracy": 0.7640625,
  "val_loss": 0.5026488304138184,
  "epochs_trained": 39,
  "NoGesture_acc": 0.6075541225241824,
  "NoGesture_to_Gesture": 0.23813910640257946,
  "NoGesture_to_Move": 0.15430677107323815,
  "Gesture_acc": 0.6345108695652174,
  "Gesture_to_NoGesture": 0.15896739130434784,
  "Gesture_to_Move": 0.20652173913043478,
  "Move_acc": 0.5650667986145472,
  "Move_to_NoGesture": 0.15190499752597725,
  "Move_to_Gesture": 0.2830282038594755
}