{
  "fold": 1,
  "best_epoch": 10,
  "val_accuracy": 0.43984375,
  "motion_accuracy": 0.6159375,
  "val_loss": 0.5854738354682922,
  "epochs_trained": 23,
  "NoGesture_acc": 0.12677824267782425,
  "NoGesture_to_Gesture": 0.7815899581589958,
  "NoGesture_to_Move": 0.09163179916317991,
  "Gesture_acc": 0.8629130966952264,
  "Gesture_to_NoGesture": 0.07670338637290902,
  "Gesture_to_Move": 0.06038351693186454,
  "Move_acc": 0.25465041693393203,
  "Move_to_NoGesture": 0.11738293778062861,
  "Move_to_Gesture": 0.6279666452854393
}