{
  "fold": 1,
  "best_epoch": 18,
  "val_accuracy": 0.49078125,
  "motion_accuracy": 0.67515625,
  "val_loss": 0.5561325550079346,
  "epochs_trained": 24,
  "NoGesture_acc": 0.31464435146443515,
  "NoGesture_to_Gesture": 0.5100418410041841,
  "NoGesture_to_Move": 0.17531380753138076,
  "Gesture_acc": 0.6752345981232151,
  "Gesture_to_NoGesture": 0.07711138310893513,
  "Gesture_to_Move": 0.24765401876784987,
  "Move_acc": 0.4708146247594612,
  "Move_to_NoGesture": 0.16164207825529187,
  "Move_to_Gesture": 0.36754329698524696
}