{
  "fold": 3,
  "best_epoch": 2,
  "val_accuracy": 0.4653125,
  "motion_accuracy": 0.7059375,
  "val_loss": 0.6929882168769836,
  "epochs_trained": 27,
  "NoGesture_acc": 0.33993551358820817,
  "NoGesture_to_Gesture": 0.539382772915707,
  "NoGesture_to_Move": 0.12068171349608475,
  "Gesture_acc": 0.7971014492753623,
  "Gesture_to_NoGesture": 0.06884057971014493,
  "Gesture_to_Move": 0.13405797101449277,
  "Move_acc": 0.23750618505690252,
  "Move_to_NoGesture": 0.14695695200395845,
  "Move_to_Gesture": 0.615536862939139
}