{
  "fold": 1,
  "best_epoch": 24,
  "val_accuracy": 0.48875,
  "motion_accuracy": 0.65734375,
  "val_loss": 0.5408338308334351,
  "epochs_trained": 41,
  "NoGesture_acc": 0.3895397489539749,
  "NoGesture_to_Gesture": 0.5075313807531381,
  "NoGesture_to_Move": 0.10292887029288703,
  "Gesture_acc": 0.7160342717258262,
  "Gesture_to_NoGesture": 0.18727050183598531,
  "Gesture_to_Move": 0.0966952264381885,
  "Move_acc": 0.2835150737652341,
  "Move_to_NoGesture": 0.1763951250801796,
  "Move_to_Gesture": 0.5400898011545863
}