{
  "fold": 3,
  "best_epoch": 0,
  "val_accuracy": 0.38765625,
  "motion_accuracy": 0.57703125,
  "val_loss": 1.0104553699493408,
  "epochs_trained": 20,
  "NoGesture_acc": 0.30538922155688625,
  "NoGesture_to_Gesture": 0.6232151082450483,
  "NoGesture_to_Move": 0.0713956701980654,
  "Gesture_acc": 0.7309782608695652,
  "Gesture_to_NoGesture": 0.19927536231884058,
  "Gesture_to_Move": 0.06974637681159421,
  "Move_acc": 0.10094012864918357,
  "Move_to_NoGesture": 0.3755566551212271,
  "Move_to_Gesture": 0.5235032162295893
}