{
  "fold": 1,
  "best_epoch": 7,
  "val_accuracy": 0.51546875,
  "motion_accuracy": 0.73875,
  "val_loss": 0.7223196625709534,
  "epochs_trained": 17,
  "NoGesture_acc": 0.5715481171548117,
  "NoGesture_to_Gesture": 0.23472803347280335,
  "NoGesture_to_Move": 0.19372384937238493,
  "Gesture_acc": 0.5263157894736842,
  "Gesture_to_NoGesture": 0.17176662586699307,
  "Gesture_to_Move": 0.3019175846593227,
  "Move_acc": 0.4124438742783836,
  "Move_to_NoGesture": 0.14560615779345734,
  "Move_to_Gesture": 0.44194996792815905
}