{
  "fold": 1,
  "best_epoch": 19,
  "val_accuracy": 0.43765625,
  "motion_accuracy": 0.62109375,
  "val_loss": 0.6060986518859863,
  "epochs_trained": 23,
  "NoGesture_acc": 0.1280334728033473,
  "NoGesture_to_Gesture": 0.6874476987447699,
  "NoGesture_to_Move": 0.18451882845188283,
  "Gesture_acc": 0.7804977560179519,
  "Gesture_to_NoGesture": 0.07751937984496124,
  "Gesture_to_Move": 0.1419828641370869,
  "Move_acc": 0.37331622835150735,
  "Move_to_NoGesture": 0.09685695958948044,
  "Move_to_Gesture": 0.5298268120590122
}