{
  "fold": 1,
  "best_epoch": 18,
  "val_accuracy": 0.496875,
  "motion_accuracy": 0.695,
  "val_loss": 0.5709066390991211,
  "epochs_trained": 24,
  "NoGesture_acc": 0.4824267782426778,
  "NoGesture_to_Gesture": 0.37531380753138077,
  "NoGesture_to_Move": 0.14225941422594143,
  "Gesture_acc": 0.6450428396572827,
  "Gesture_to_NoGesture": 0.18278253773969808,
  "Gesture_to_Move": 0.1721746226030192,
  "Move_acc": 0.28608082103912763,
  "Move_to_NoGesture": 0.17126363053239255,
  "Move_to_Gesture": 0.5426555484284797
}