{
  "fold": 3,
  "best_epoch": 21,
  "val_accuracy": 0.39109375,
  "motion_accuracy": 0.6465625,
  "val_loss": 0.5824477672576904,
  "epochs_trained": 22,
  "NoGesture_acc": 0.1704283740211884,
  "NoGesture_to_Gesture": 0.7512666973744818,
  "NoGesture_to_Move": 0.0783049286043298,
  "Gesture_acc": 0.8378623188405797,
  "Gesture_to_NoGesture": 0.07518115942028986,
  "Gesture_to_Move": 0.08695652173913043,
  "Move_acc": 0.1400296882731321,
  "Move_to_NoGesture": 0.14596734289955468,
  "Move_to_Gesture": 0.7140029688273132
}