{
  "fold": 3,
  "best_epoch": 6,
  "val_accuracy": 0.46625,
  "motion_accuracy": 0.59203125,
  "val_loss": 0.8099827766418457,
  "epochs_trained": 17,
  "NoGesture_acc": 0.43436204514048826,
  "NoGesture_to_Gesture": 0.3072316904652234,
  "NoGesture_to_Move": 0.2584062643942883,
  "Gesture_acc": 0.6177536231884058,
  "Gesture_to_NoGesture": 0.271286231884058,
  "Gesture_to_Move": 0.11096014492753623,
  "Move_acc": 0.3349826818406729,
  "Move_to_NoGesture": 0.38792676892627415,
  "Move_to_Gesture": 0.27709054923305293
}