{
  "fold": 2,
  "best_epoch": 7,
  "val_accuracy": 0.488125,
  "motion_accuracy": 0.6978125,
  "val_loss": 0.5629940629005432,
  "epochs_trained": 20,
  "NoGesture_acc": 0.44017094017094016,
  "NoGesture_to_Gesture": 0.5137701804368471,
  "NoGesture_to_Move": 0.046058879392212725,
  "Gesture_acc": 0.7823000473260767,
  "Gesture_to_NoGesture": 0.14671083767155702,
  "Gesture_to_Move": 0.07098911500236631,
  "Move_acc": 0.2494268684089867,
  "Move_to_NoGesture": 0.2040348464007336,
  "Move_to_Gesture": 0.5465382851902797
}