{
  "fold": 1,
  "best_epoch": 11,
  "val_accuracy": 0.47671875,
  "motion_accuracy": 0.67578125,
  "val_loss": 0.7391379475593567,
  "epochs_trained": 21,
  "NoGesture_acc": 0.24518828451882846,
  "NoGesture_to_Gesture": 0.6527196652719666,
  "NoGesture_to_Move": 0.10209205020920502,
  "Gesture_acc": 0.8861689106487148,
  "Gesture_to_NoGesture": 0.04895960832313342,
  "Gesture_to_Move": 0.06487148102815178,
  "Move_acc": 0.18794098781270044,
  "Move_to_NoGesture": 0.09685695958948044,
  "Move_to_Gesture": 0.7152020525978191
}