{
  "fold": 2,
  "best_epoch": 14,
  "val_accuracy": 0.4615625,
  "motion_accuracy": 0.65015625,
  "val_loss": 0.5778123736381531,
  "epochs_trained": 30,
  "NoGesture_acc": 0.3812915479582146,
  "NoGesture_to_Gesture": 0.4943019943019943,
  "NoGesture_to_Move": 0.12440645773979107,
  "Gesture_acc": 0.6729768102224326,
  "Gesture_to_NoGesture": 0.2252721249408424,
  "Gesture_to_Move": 0.10175106483672504,
  "Move_acc": 0.3342503438789546,
  "Move_to_NoGesture": 0.21091242549289316,
  "Move_to_Gesture": 0.45483723062815223
}