{
  "fold": 2,
  "best_epoch": 32,
  "val_accuracy": 0.4434375,
  "motion_accuracy": 0.630625,
  "val_loss": 0.6044967174530029,
  "epochs_trained": 33,
  "NoGesture_acc": 0.4468186134852801,
  "NoGesture_to_Gesture": 0.42687559354226023,
  "NoGesture_to_Move": 0.12630579297245964,
  "Gesture_acc": 0.563180312352106,
  "Gesture_to_NoGesture": 0.23142451490771415,
  "Gesture_to_Move": 0.20539517274017985,
  "Move_acc": 0.3241632278771206,
  "Move_to_NoGesture": 0.3255387436955525,
  "Move_to_Gesture": 0.35029802842732694
}