{
  "fold": 3,
  "best_epoch": 4,
  "val_accuracy": 0.47125,
  "motion_accuracy": 0.7171875,
  "val_loss": 0.7311058044433594,
  "epochs_trained": 22,
  "NoGesture_acc": 0.3367111929986181,
  "NoGesture_to_Gesture": 0.551819438046983,
  "NoGesture_to_Move": 0.11146936895439889,
  "Gesture_acc": 0.8428442028985508,
  "Gesture_to_NoGesture": 0.06068840579710145,
  "Gesture_to_Move": 0.09646739130434782,
  "Move_acc": 0.20979713013359724,
  "Move_to_NoGesture": 0.11677387431964374,
  "Move_to_Gesture": 0.6734289955467591
}