{
  "fold": 3,
  "best_epoch": 19,
  "val_accuracy": 0.415,
  "motion_accuracy": 0.62828125,
  "val_loss": 0.6541211605072021,
  "epochs_trained": 25,
  "NoGesture_acc": 0.35559649930907417,
  "NoGesture_to_Gesture": 0.5605711653615846,
  "NoGesture_to_Move": 0.08383233532934131,
  "Gesture_acc": 0.6730072463768116,
  "Gesture_to_NoGesture": 0.17572463768115942,
  "Gesture_to_Move": 0.151268115942029,
  "Move_acc": 0.19693221177634834,
  "Move_to_NoGesture": 0.2929242949035131,
  "Move_to_Gesture": 0.5101434933201385
}