{
  "fold": 2,
  "best_epoch": 11,
  "val_accuracy": 0.48234375,
  "motion_accuracy": 0.70671875,
  "val_loss": 0.6697874665260315,
  "epochs_trained": 23,
  "NoGesture_acc": 0.34472934472934474,
  "NoGesture_to_Gesture": 0.5075973409306742,
  "NoGesture_to_Move": 0.14767331433998102,
  "Gesture_acc": 0.7444391859914813,
  "Gesture_to_NoGesture": 0.12304779933743493,
  "Gesture_to_Move": 0.13251301467108376,
  "Move_acc": 0.3613021549747822,
  "Move_to_NoGesture": 0.10866574965612105,
  "Move_to_Gesture": 0.5300320953690968
}