{
  "fold": 3,
  "best_epoch": 18,
  "val_accuracy": 0.4996875,
  "motion_accuracy": 0.6790625,
  "val_loss": 0.8097217082977295,
  "epochs_trained": 32,
  "NoGesture_acc": 0.5785352372178719,
  "NoGesture_to_Gesture": 0.32795946568401657,
  "NoGesture_to_Move": 0.09350529709811146,
  "Gesture_acc": 0.6073369565217391,
  "Gesture_to_NoGesture": 0.2391304347826087,
  "Gesture_to_Move": 0.15353260869565216,
  "Move_acc": 0.29737753587333005,
  "Move_to_NoGesture": 0.3023255813953488,
  "Move_to_Gesture": 0.40029688273132114
}