{
  "fold": 1,
  "best_epoch": 39,
  "val_accuracy": 0.52203125,
  "motion_accuracy": 0.67421875,
  "val_loss": 0.5685504674911499,
  "epochs_trained": 50,
  "NoGesture_acc": 0.45271966527196655,
  "NoGesture_to_Gesture": 0.4497907949790795,
  "NoGesture_to_Move": 0.09748953974895397,
  "Gesture_acc": 0.7201142390860873,
  "Gesture_to_NoGesture": 0.17707058343533252,
  "Gesture_to_Move": 0.10281517747858017,
  "Move_acc": 0.3168697883258499,
  "Move_to_NoGesture": 0.22001282873636946,
  "Move_to_Gesture": 0.46311738293778065
}