{
  "fold": 3,
  "best_epoch": 23,
  "val_accuracy": 0.4515625,
  "motion_accuracy": 0.62609375,
  "val_loss": 0.5421233177185059,
  "epochs_trained": 38,
  "NoGesture_acc": 0.3730999539382773,
  "NoGesture_to_Gesture": 0.5578074619990787,
  "NoGesture_to_Move": 0.06909258406264394,
  "Gesture_acc": 0.6929347826086957,
  "Gesture_to_NoGesture": 0.2223731884057971,
  "Gesture_to_Move": 0.08469202898550725,
  "Move_acc": 0.27214250371103416,
  "Move_to_NoGesture": 0.26768926274121724,
  "Move_to_Gesture": 0.46016823354774866
}