{
  "fold": 3,
  "best_epoch": 9,
  "val_accuracy": 0.4371875,
  "motion_accuracy": 0.64578125,
  "val_loss": 0.6482028365135193,
  "epochs_trained": 23,
  "NoGesture_acc": 0.35052970981114695,
  "NoGesture_to_Gesture": 0.5840626439428834,
  "NoGesture_to_Move": 0.0654076462459696,
  "Gesture_acc": 0.720108695652174,
  "Gesture_to_NoGesture": 0.1716485507246377,
  "Gesture_to_Move": 0.1082427536231884,
  "Move_acc": 0.22117763483424047,
  "Move_to_NoGesture": 0.23651657595249875,
  "Move_to_Gesture": 0.5423057892132608
}