{
  "fold": 3,
  "best_epoch": 10,
  "val_accuracy": 0.53390625,
  "motion_accuracy": 0.65265625,
  "val_loss": 0.8220556378364563,
  "epochs_trained": 20,
  "NoGesture_acc": 0.5780746199907877,
  "NoGesture_to_Gesture": 0.27130354675264856,
  "NoGesture_to_Move": 0.1506218332565638,
  "Gesture_acc": 0.6585144927536232,
  "Gesture_to_NoGesture": 0.25815217391304346,
  "Gesture_to_Move": 0.08333333333333333,
  "Move_acc": 0.3503216229589312,
  "Move_to_NoGesture": 0.36467095497278573,
  "Move_to_Gesture": 0.285007422068283
}