{
  "fold": 2,
  "best_epoch": 13,
  "val_accuracy": 0.4634375,
  "motion_accuracy": 0.6259375,
  "val_loss": 0.6328527927398682,
  "epochs_trained": 25,
  "NoGesture_acc": 0.5356125356125356,
  "NoGesture_to_Gesture": 0.3922127255460589,
  "NoGesture_to_Move": 0.0721747388414055,
  "Gesture_acc": 0.5873166114529106,
  "Gesture_to_NoGesture": 0.27543776620918126,
  "Gesture_to_Move": 0.13724562233790819,
  "Move_acc": 0.2737276478679505,
  "Move_to_NoGesture": 0.38239339752407153,
  "Move_to_Gesture": 0.343878954607978
}