{
  "fold": 2,
  "best_epoch": 16,
  "val_accuracy": 0.46171875,
  "motion_accuracy": 0.64828125,
  "val_loss": 0.5557982921600342,
  "epochs_trained": 30,
  "NoGesture_acc": 0.4952516619183286,
  "NoGesture_to_Gesture": 0.4154795821462488,
  "NoGesture_to_Move": 0.0892687559354226,
  "Gesture_acc": 0.5830572645527686,
  "Gesture_to_NoGesture": 0.31471840984382393,
  "Gesture_to_Move": 0.10222432560340748,
  "Move_acc": 0.31178358551123336,
  "Move_to_NoGesture": 0.23979825767996332,
  "Move_to_Gesture": 0.4484181568088033
}