{
  "fold": 3,
  "best_epoch": 18,
  "val_accuracy": 0.48359375,
  "motion_accuracy": 0.65015625,
  "val_loss": 0.7311397790908813,
  "epochs_trained": 22,
  "NoGesture_acc": 0.6089359742054353,
  "NoGesture_to_Gesture": 0.2584062643942883,
  "NoGesture_to_Move": 0.13265776140027638,
  "Gesture_acc": 0.5846920289855072,
  "Gesture_to_NoGesture": 0.29891304347826086,
  "Gesture_to_Move": 0.11639492753623189,
  "Move_acc": 0.23849579416130628,
  "Move_to_NoGesture": 0.3612073231073726,
  "Move_to_Gesture": 0.40029688273132114
}