{
  "fold": 2,
  "best_epoch": 9,
  "val_accuracy": 0.55953125,
  "motion_accuracy": 0.66171875,
  "val_loss": 0.6944702863693237,
  "epochs_trained": 25,
  "NoGesture_acc": 0.5731244064577398,
  "NoGesture_to_Gesture": 0.35422602089268757,
  "NoGesture_to_Move": 0.07264957264957266,
  "Gesture_acc": 0.5840037860861335,
  "Gesture_to_NoGesture": 0.281590156176053,
  "Gesture_to_Move": 0.13440605773781353,
  "Move_acc": 0.5226960110041265,
  "Move_to_NoGesture": 0.30765703805593764,
  "Move_to_Gesture": 0.16964695093993581
}