{
  "fold": 3,
  "best_epoch": 11,
  "val_accuracy": 0.4634375,
  "motion_accuracy": 0.70953125,
  "val_loss": 0.8035774827003479,
  "epochs_trained": 22,
  "NoGesture_acc": 0.3376324274527867,
  "NoGesture_to_Gesture": 0.5665591893136803,
  "NoGesture_to_Move": 0.09580838323353294,
  "Gesture_acc": 0.8555253623188406,
  "Gesture_to_NoGesture": 0.0661231884057971,
  "Gesture_to_Move": 0.07835144927536232,
  "Move_acc": 0.1702127659574468,
  "Move_to_NoGesture": 0.13607125185551708,
  "Move_to_Gesture": 0.6937159821870361
}