{
  "fold": 3,
  "best_epoch": 10,
  "val_accuracy": 0.58671875,
  "motion_accuracy": 0.7203125,
  "val_loss": 0.602436900138855,
  "epochs_trained": 23,
  "NoGesture_acc": 0.6448641179180101,
  "NoGesture_to_Gesture": 0.23813910640257946,
  "NoGesture_to_Move": 0.11699677567941041,
  "Gesture_acc": 0.6331521739130435,
  "Gesture_to_NoGesture": 0.23641304347826086,
  "Gesture_to_Move": 0.13043478260869565,
  "Move_acc": 0.4735279564571994,
  "Move_to_NoGesture": 0.2459178624443345,
  "Move_to_Gesture": 0.2805541810984661
}