{
  "fold": 2,
  "best_epoch": 14,
  "val_accuracy": 0.52296875,
  "motion_accuracy": 0.6721875,
  "val_loss": 0.5920526385307312,
  "epochs_trained": 23,
  "NoGesture_acc": 0.6134852801519468,
  "NoGesture_to_Gesture": 0.27587844254510924,
  "NoGesture_to_Move": 0.11063627730294397,
  "Gesture_acc": 0.5153809749171794,
  "Gesture_to_NoGesture": 0.29673450070989116,
  "Gesture_to_Move": 0.1878845243729295,
  "Move_acc": 0.44291609353507566,
  "Move_to_NoGesture": 0.3012379642365887,
  "Move_to_Gesture": 0.2558459422283356
}