{
  "fold": 3,
  "best_epoch": 9,
  "val_accuracy": 0.4578125,
  "motion_accuracy": 0.62796875,
  "val_loss": 0.6329545378684998,
  "epochs_trained": 23,
  "NoGesture_acc": 0.48549055734684476,
  "NoGesture_to_Gesture": 0.42422846614463383,
  "NoGesture_to_Move": 0.09028097650852142,
  "Gesture_acc": 0.5665760869565217,
  "Gesture_to_NoGesture": 0.2758152173913043,
  "Gesture_to_Move": 0.15760869565217392,
  "Move_acc": 0.3092528451261752,
  "Move_to_NoGesture": 0.32409698169223156,
  "Move_to_Gesture": 0.36665017318159326
}