{
  "fold": 2,
  "best_epoch": 10,
  "val_accuracy": 0.48171875,
  "motion_accuracy": 0.66,
  "val_loss": 0.811428427696228,
  "epochs_trained": 18,
  "NoGesture_acc": 0.5878442545109211,
  "NoGesture_to_Gesture": 0.3570750237416904,
  "NoGesture_to_Move": 0.055080721747388414,
  "Gesture_acc": 0.559867486985329,
  "Gesture_to_NoGesture": 0.32749645054424986,
  "Gesture_to_Move": 0.1126360624704212,
  "Move_acc": 0.3035304906006419,
  "Move_to_NoGesture": 0.28243924805135256,
  "Move_to_Gesture": 0.4140302613480055
}