{
  "fold": 3,
  "best_epoch": 11,
  "val_accuracy": 0.4509375,
  "motion_accuracy": 0.625625,
  "val_loss": 0.5980049967765808,
  "epochs_trained": 24,
  "NoGesture_acc": 0.4320589590050668,
  "NoGesture_to_Gesture": 0.528327959465684,
  "NoGesture_to_Move": 0.039613081529249194,
  "Gesture_acc": 0.6802536231884058,
  "Gesture_to_NoGesture": 0.23596014492753623,
  "Gesture_to_Move": 0.08378623188405797,
  "Move_acc": 0.22068283028203858,
  "Move_to_NoGesture": 0.3176645225136071,
  "Move_to_Gesture": 0.4616526472043543
}