{
  "fold": 3,
  "best_epoch": 16,
  "val_accuracy": 0.5365625,
  "motion_accuracy": 0.69171875,
  "val_loss": 0.7733291387557983,
  "epochs_trained": 23,
  "NoGesture_acc": 0.6006448641179181,
  "NoGesture_to_Gesture": 0.2759097190234915,
  "NoGesture_to_Move": 0.1234454168585905,
  "Gesture_acc": 0.6417572463768116,
  "Gesture_to_NoGesture": 0.2346014492753623,
  "Gesture_to_Move": 0.12364130434782608,
  "Move_acc": 0.3527956457199406,
  "Move_to_NoGesture": 0.2909450766947056,
  "Move_to_Gesture": 0.3562592775853538
}