{
  "fold": 3,
  "best_epoch": 15,
  "val_accuracy": 0.4284375,
  "motion_accuracy": 0.63265625,
  "val_loss": 0.5738831162452698,
  "epochs_trained": 33,
  "NoGesture_acc": 0.42929525564256105,
  "NoGesture_to_Gesture": 0.5112851220635651,
  "NoGesture_to_Move": 0.05941962229387379,
  "Gesture_acc": 0.6630434782608695,
  "Gesture_to_NoGesture": 0.22826086956521738,
  "Gesture_to_Move": 0.10869565217391304,
  "Move_acc": 0.17120237506185057,
  "Move_to_NoGesture": 0.3008411677387432,
  "Move_to_Gesture": 0.5279564571994062
}