{
  "fold": 3,
  "best_epoch": 9,
  "val_accuracy": 0.4446875,
  "motion_accuracy": 0.6434375,
  "val_loss": 0.6824512481689453,
  "epochs_trained": 16,
  "NoGesture_acc": 0.3141409488714878,
  "NoGesture_to_Gesture": 0.27268539843390144,
  "NoGesture_to_Move": 0.41317365269461076,
  "Gesture_acc": 0.3953804347826087,
  "Gesture_to_NoGesture": 0.20969202898550723,
  "Gesture_to_Move": 0.39492753623188404,
  "Move_acc": 0.6387926768926274,
  "Move_to_NoGesture": 0.16328550222662047,
  "Move_to_Gesture": 0.1979218208807521
}