{
  "fold": 2,
  "best_epoch": 15,
  "val_accuracy": 0.45828125,
  "motion_accuracy": 0.64515625,
  "val_loss": 0.5563353300094604,
  "epochs_trained": 30,
  "NoGesture_acc": 0.39316239316239315,
  "NoGesture_to_Gesture": 0.49240265906932573,
  "NoGesture_to_Move": 0.1144349477682811,
  "Gesture_acc": 0.6043539990534784,
  "Gesture_to_NoGesture": 0.2929484145764316,
  "Gesture_to_Move": 0.10269758637008992,
  "Move_acc": 0.3796423658872077,
  "Move_to_NoGesture": 0.17148097203117835,
  "Move_to_Gesture": 0.4488766620816139
}