{
  "fold": 2,
  "best_epoch": 2,
  "val_accuracy": 0.489375,
  "motion_accuracy": 0.70625,
  "val_loss": 0.6808937788009644,
  "epochs_trained": 22,
  "NoGesture_acc": 0.4734093067426401,
  "NoGesture_to_Gesture": 0.443019943019943,
  "NoGesture_to_Move": 0.0835707502374169,
  "Gesture_acc": 0.722669190724089,
  "Gesture_to_NoGesture": 0.19451017510648366,
  "Gesture_to_Move": 0.08282063416942735,
  "Move_acc": 0.2787712058688675,
  "Move_to_NoGesture": 0.16506189821182943,
  "Move_to_Gesture": 0.556166895919303
}