{
  "fold": 2,
  "best_epoch": 23,
  "val_accuracy": 0.47671875,
  "motion_accuracy": 0.67546875,
  "val_loss": 0.5935827493667603,
  "epochs_trained": 26,
  "NoGesture_acc": 0.37511870845204176,
  "NoGesture_to_Gesture": 0.43447293447293445,
  "NoGesture_to_Move": 0.19040835707502374,
  "Gesture_acc": 0.5840037860861335,
  "Gesture_to_NoGesture": 0.19214387127307148,
  "Gesture_to_Move": 0.22385234264079507,
  "Move_acc": 0.47088491517652453,
  "Move_to_NoGesture": 0.16276937184777626,
  "Move_to_Gesture": 0.36634571297569923
}