{
  "fold": 3,
  "best_epoch": 16,
  "val_accuracy": 0.5459375,
  "motion_accuracy": 0.6309375,
  "val_loss": 0.7134844064712524,
  "epochs_trained": 23,
  "NoGesture_acc": 0.6444035006909259,
  "NoGesture_to_Gesture": 0.2017503454629203,
  "NoGesture_to_Move": 0.15384615384615385,
  "Gesture_acc": 0.5797101449275363,
  "Gesture_to_NoGesture": 0.29257246376811596,
  "Gesture_to_Move": 0.12771739130434784,
  "Move_acc": 0.40326571004453243,
  "Move_to_NoGesture": 0.46709549727857497,
  "Move_to_Gesture": 0.12963879267689263
}