{
  "fold": 1,
  "best_epoch": 10,
  "val_accuracy": 0.54890625,
  "motion_accuracy": 0.71703125,
  "val_loss": 0.642436146736145,
  "epochs_trained": 21,
  "NoGesture_acc": 0.6380753138075314,
  "NoGesture_to_Gesture": 0.19539748953974895,
  "NoGesture_to_Move": 0.16652719665271967,
  "Gesture_acc": 0.6209710322317421,
  "Gesture_to_NoGesture": 0.19787841697266423,
  "Gesture_to_Move": 0.18115055079559364,
  "Move_acc": 0.29890955740859526,
  "Move_to_NoGesture": 0.29570237331622834,
  "Move_to_Gesture": 0.4053880692751764
}