{
  "fold": 1,
  "best_epoch": 11,
  "val_accuracy": 0.4578125,
  "motion_accuracy": 0.6659375,
  "val_loss": 0.6210373640060425,
  "epochs_trained": 19,
  "NoGesture_acc": 0.17531380753138076,
  "NoGesture_to_Gesture": 0.698744769874477,
  "NoGesture_to_Move": 0.12594142259414226,
  "Gesture_acc": 0.8755609955120359,
  "Gesture_to_NoGesture": 0.028151774785801713,
  "Gesture_to_Move": 0.09628722970216239,
  "Move_acc": 0.23412443874278382,
  "Move_to_NoGesture": 0.06286080821039128,
  "Move_to_Gesture": 0.7030147530468249
}