{
  "fold": 1,
  "best_epoch": 3,
  "val_accuracy": 0.41046875,
  "motion_accuracy": 0.64609375,
  "val_loss": 0.6948539018630981,
  "epochs_trained": 20,
  "NoGesture_acc": 0.09288702928870293,
  "NoGesture_to_Gesture": 0.7635983263598326,
  "NoGesture_to_Move": 0.14351464435146444,
  "Gesture_acc": 0.8918808649530804,
  "Gesture_to_NoGesture": 0.0138718890248878,
  "Gesture_to_Move": 0.09424724602203183,
  "Move_acc": 0.1404746632456703,
  "Move_to_NoGesture": 0.040410519563822966,
  "Move_to_Gesture": 0.8191148171905067
}