{
  "fold": 3,
  "best_epoch": 17,
  "val_accuracy": 0.52375,
  "motion_accuracy": 0.69484375,
  "val_loss": 0.7081484198570251,
  "epochs_trained": 23,
  "NoGesture_acc": 0.6665131275909719,
  "NoGesture_to_Gesture": 0.24596959926301243,
  "NoGesture_to_Move": 0.08751727314601566,
  "Gesture_acc": 0.613677536231884,
  "Gesture_to_NoGesture": 0.25769927536231885,
  "Gesture_to_Move": 0.1286231884057971,
  "Move_acc": 0.27214250371103416,
  "Move_to_NoGesture": 0.32657100445324094,
  "Move_to_Gesture": 0.4012864918357249
}