{
  "fold": 1,
  "best_epoch": 12,
  "val_accuracy": 0.5525,
  "motion_accuracy": 0.74359375,
  "val_loss": 0.6400359272956848,
  "epochs_trained": 19,
  "NoGesture_acc": 0.5150627615062762,
  "NoGesture_to_Gesture": 0.37154811715481173,
  "NoGesture_to_Move": 0.11338912133891213,
  "Gesture_acc": 0.7311301509587923,
  "Gesture_to_NoGesture": 0.0966952264381885,
  "Gesture_to_Move": 0.1721746226030192,
  "Move_acc": 0.3290570878768441,
  "Move_to_NoGesture": 0.15715202052597818,
  "Move_to_Gesture": 0.5137908915971777
}