{
  "fold": 3,
  "best_epoch": 17,
  "val_accuracy": 0.52796875,
  "motion_accuracy": 0.6790625,
  "val_loss": 0.7432209849357605,
  "epochs_trained": 23,
  "NoGesture_acc": 0.6476278212805159,
  "NoGesture_to_Gesture": 0.24873330262551818,
  "NoGesture_to_Move": 0.10363887609396591,
  "Gesture_acc": 0.5869565217391305,
  "Gesture_to_NoGesture": 0.2821557971014493,
  "Gesture_to_Move": 0.1308876811594203,
  "Move_acc": 0.3349826818406729,
  "Move_to_NoGesture": 0.32953983176645224,
  "Move_to_Gesture": 0.33547748639287484
}