{
  "fold": 3,
  "best_epoch": 11,
  "val_accuracy": 0.4434375,
  "motion_accuracy": 0.636875,
  "val_loss": 0.5672786831855774,
  "epochs_trained": 23,
  "NoGesture_acc": 0.33625057577153383,
  "NoGesture_to_Gesture": 0.6034085674804238,
  "NoGesture_to_Move": 0.060340856748042376,
  "Gesture_acc": 0.7010869565217391,
  "Gesture_to_NoGesture": 0.1802536231884058,
  "Gesture_to_Move": 0.11865942028985507,
  "Move_acc": 0.27709054923305293,
  "Move_to_NoGesture": 0.23998020781791193,
  "Move_to_Gesture": 0.4829292429490351
}