{
  "fold": 1,
  "best_epoch": 11,
  "val_accuracy": 0.51265625,
  "motion_accuracy": 0.70484375,
  "val_loss": 0.6749412417411804,
  "epochs_trained": 20,
  "NoGesture_acc": 0.5146443514644351,
  "NoGesture_to_Gesture": 0.2903765690376569,
  "NoGesture_to_Move": 0.19497907949790794,
  "Gesture_acc": 0.6001631986944105,
  "Gesture_to_NoGesture": 0.2011423908608731,
  "Gesture_to_Move": 0.19869441044471645,
  "Move_acc": 0.3720333547145606,
  "Move_to_NoGesture": 0.15137908915971776,
  "Move_to_Gesture": 0.4765875561257216
}