{
  "fold": 1,
  "best_epoch": 16,
  "val_accuracy": 0.52734375,
  "motion_accuracy": 0.725,
  "val_loss": 0.5589095950126648,
  "epochs_trained": 24,
  "NoGesture_acc": 0.6230125523012552,
  "NoGesture_to_Gesture": 0.2774058577405858,
  "NoGesture_to_Move": 0.099581589958159,
  "Gesture_acc": 0.5381476948184415,
  "Gesture_to_NoGesture": 0.2394940840473276,
  "Gesture_to_Move": 0.22235822113423093,
  "Move_acc": 0.3636946760744067,
  "Move_to_NoGesture": 0.17447081462475947,
  "Move_to_Gesture": 0.46183450930083386
}