{
  "fold": 3,
  "best_epoch": 10,
  "val_accuracy": 0.58375,
  "motion_accuracy": 0.69953125,
  "val_loss": 0.7893834710121155,
  "epochs_trained": 38,
  "NoGesture_acc": 0.6697374481805619,
  "NoGesture_to_Gesture": 0.23952095808383234,
  "NoGesture_to_Move": 0.09074159373560571,
  "Gesture_acc": 0.7214673913043478,
  "Gesture_to_NoGesture": 0.2318840579710145,
  "Gesture_to_Move": 0.04664855072463768,
  "Move_acc": 0.3409203364670955,
  "Move_to_NoGesture": 0.3433943592281049,
  "Move_to_Gesture": 0.31568530430479963
}