{
  "fold": 2,
  "best_epoch": 5,
  "val_accuracy": 0.4390625,
  "motion_accuracy": 0.57765625,
  "val_loss": 0.7414103746414185,
  "epochs_trained": 23,
  "NoGesture_acc": 0.6144349477682811,
  "NoGesture_to_Gesture": 0.3138651471984805,
  "NoGesture_to_Move": 0.07169990503323836,
  "Gesture_acc": 0.5054424988168481,
  "Gesture_to_NoGesture": 0.326549929010885,
  "Gesture_to_Move": 0.16800757217226692,
  "Move_acc": 0.20541036221916553,
  "Move_to_NoGesture": 0.5506648326455754,
  "Move_to_Gesture": 0.24392480513525905
}