{
  "fold": 2,
  "best_epoch": 10,
  "val_accuracy": 0.4065625,
  "motion_accuracy": 0.61671875,
  "val_loss": 0.7432073950767517,
  "epochs_trained": 19,
  "NoGesture_acc": 0.44112060778727447,
  "NoGesture_to_Gesture": 0.3247863247863248,
  "NoGesture_to_Move": 0.23409306742640076,
  "Gesture_acc": 0.49692380501656414,
  "Gesture_to_NoGesture": 0.17983909133932796,
  "Gesture_to_Move": 0.3232371036441079,
  "Move_acc": 0.285648784961027,
  "Move_to_NoGesture": 0.41082072443833106,
  "Move_to_Gesture": 0.3035304906006419
}