{
  "fold": 2,
  "best_epoch": 24,
  "val_accuracy": 0.4165625,
  "motion_accuracy": 0.63203125,
  "val_loss": 0.5917419195175171,
  "epochs_trained": 30,
  "NoGesture_acc": 0.34045584045584043,
  "NoGesture_to_Gesture": 0.5612535612535613,
  "NoGesture_to_Move": 0.09829059829059829,
  "Gesture_acc": 0.673450070989115,
  "Gesture_to_NoGesture": 0.22148603880738288,
  "Gesture_to_Move": 0.10506389020350212,
  "Move_acc": 0.24117377349839522,
  "Move_to_NoGesture": 0.22833562585969738,
  "Move_to_Gesture": 0.5304906006419073
}