{
  "fold": 2,
  "best_epoch": 9,
  "val_accuracy": 0.405,
  "motion_accuracy": 0.66296875,
  "val_loss": 0.6912737488746643,
  "epochs_trained": 38,
  "NoGesture_acc": 0.5185185185185185,
  "NoGesture_to_Gesture": 0.22792022792022792,
  "NoGesture_to_Move": 0.2535612535612536,
  "Gesture_acc": 0.5220066256507335,
  "Gesture_to_NoGesture": 0.2243256034074775,
  "Gesture_to_Move": 0.25366777094178894,
  "Move_acc": 0.18202659330582302,
  "Move_to_NoGesture": 0.30674002751031637,
  "Move_to_Gesture": 0.5112333791838606
}