{
  "fold": 1,
  "best_epoch": 10,
  "val_accuracy": 0.5290625,
  "motion_accuracy": 0.71578125,
  "val_loss": 0.6527785658836365,
  "epochs_trained": 25,
  "NoGesture_acc": 0.599163179916318,
  "NoGesture_to_Gesture": 0.2686192468619247,
  "NoGesture_to_Move": 0.1322175732217573,
  "Gesture_acc": 0.6776825785393716,
  "Gesture_to_NoGesture": 0.1766625866993064,
  "Gesture_to_Move": 0.1456548347613219,
  "Move_acc": 0.18794098781270044,
  "Move_to_NoGesture": 0.2745349583066068,
  "Move_to_Gesture": 0.5375240538806928
}