{
  "fold": 2,
  "best_epoch": 17,
  "val_accuracy": 0.48734375,
  "motion_accuracy": 0.66875,
  "val_loss": 0.6621178388595581,
  "epochs_trained": 27,
  "NoGesture_acc": 0.47863247863247865,
  "NoGesture_to_Gesture": 0.4586894586894587,
  "NoGesture_to_Move": 0.06267806267806268,
  "Gesture_acc": 0.5276857548509228,
  "Gesture_to_NoGesture": 0.2522479886417416,
  "Gesture_to_Move": 0.22006625650733555,
  "Move_acc": 0.45667125171939477,
  "Move_to_NoGesture": 0.22420907840440166,
  "Move_to_Gesture": 0.31911966987620355
}