{
  "fold": 2,
  "best_epoch": 7,
  "val_accuracy": 0.46125,
  "motion_accuracy": 0.60734375,
  "val_loss": 0.7012959122657776,
  "epochs_trained": 27,
  "NoGesture_acc": 0.533713200379867,
  "NoGesture_to_Gesture": 0.43162393162393164,
  "NoGesture_to_Move": 0.03466286799620133,
  "Gesture_acc": 0.5764316138192144,
  "Gesture_to_NoGesture": 0.24467581637482252,
  "Gesture_to_Move": 0.17889256980596308,
  "Move_acc": 0.27968821641448877,
  "Move_to_NoGesture": 0.4649243466299862,
  "Move_to_Gesture": 0.255387436955525
}