Model,Gesture_F1,Gesture_Precision,Gesture_Recall,Gesture_Accuracy,Overall_F1,Overall_Accuracy
CNN,0.6566067459534561,0.6209597919980777,0.7113330682417546,0.8511095055942308,0,0
LightGBM,0.5412475481491636,0.48167969511995956,0.6744005734523997,0.7842418428743914,0,0
