Subtype,CNN_Recall,CNN_F1,LGBM_Recall,LGBM_F1,Frames
beat,0.5102630420427031,0.15975727878821674,0.5832385599334752,0.1841531740579698,455
deictic,0.7643391521197007,0.2654637315048719,0.9064837905236908,0.2698088699202078,2406
deictic-beat,0.8157894736842105,0.02137746745970175,1.0,0.02185006828146338,152
discourse,0.8261914297156588,0.29585544242076584,0.8666399679615538,0.2662074055849428,2497
iconic,0.8112144800961966,0.48423219237600196,0.62182741598633,0.3056467926978565,4944
iconic-beat,0.9402092675635276,0.10381251031523353,0.9491778774289985,0.088011088011088,669
iconic-deictic,0.7156511350059738,0.0975093602474361,0.9008363201911589,0.10330182216742019,837
other,0.0,0.0,0.0,0.0,25
symbolic,0.6705882352941177,0.12413237091064837,0.19117647058823528,0.05829596412556054,49
