{
  "fold": 3,
  "best_epoch": 1,
  "val_accuracy": 0.485,
  "motion_accuracy": 0.72109375,
  "val_loss": 0.9868482947349548,
  "epochs_trained": 21,
  "NoGesture_acc": 0.46706586826347307,
  "NoGesture_to_Gesture": 0.4698295716259788,
  "NoGesture_to_Move": 0.06310456011054813,
  "Gesture_acc": 0.8183876811594203,
  "Gesture_to_NoGesture": 0.10416666666666667,
  "Gesture_to_Move": 0.07744565217391304,
  "Move_acc": 0.1400296882731321,
  "Move_to_NoGesture": 0.19693221177634834,
  "Move_to_Gesture": 0.6630380999505195
}