{
  "fold": 2,
  "best_epoch": 11,
  "val_accuracy": 0.566875,
  "motion_accuracy": 0.7146875,
  "val_loss": 0.6514045000076294,
  "epochs_trained": 21,
  "NoGesture_acc": 0.4734093067426401,
  "NoGesture_to_Gesture": 0.3950617283950617,
  "NoGesture_to_Move": 0.1315289648622982,
  "Gesture_acc": 0.7079981069569332,
  "Gesture_to_NoGesture": 0.13345953620444864,
  "Gesture_to_Move": 0.1585423568386181,
  "Move_acc": 0.5204034846400734,
  "Move_to_NoGesture": 0.19944979367262725,
  "Move_to_Gesture": 0.2801467216872994
}