{
  "fold": 3,
  "best_epoch": 25,
  "val_accuracy": 0.449375,
  "motion_accuracy": 0.63171875,
  "val_loss": 0.5632591843605042,
  "epochs_trained": 43,
  "NoGesture_acc": 0.44725932749884845,
  "NoGesture_to_Gesture": 0.5126669737448181,
  "NoGesture_to_Move": 0.04007369875633349,
  "Gesture_acc": 0.6666666666666666,
  "Gesture_to_NoGesture": 0.2341485507246377,
  "Gesture_to_Move": 0.09918478260869565,
  "Move_acc": 0.21425037110341416,
  "Move_to_NoGesture": 0.31667491340920334,
  "Move_to_Gesture": 0.4690747154873825
}