{
  "fold": 1,
  "best_epoch": 12,
  "val_accuracy": 0.5690625,
  "motion_accuracy": 0.733125,
  "val_loss": 0.6912050843238831,
  "epochs_trained": 25,
  "NoGesture_acc": 0.6456066945606694,
  "NoGesture_to_Gesture": 0.2585774058577406,
  "NoGesture_to_Move": 0.09581589958158995,
  "Gesture_acc": 0.7466340269277846,
  "Gesture_to_NoGesture": 0.1762545899632803,
  "Gesture_to_Move": 0.07711138310893513,
  "Move_acc": 0.1725465041693393,
  "Move_to_NoGesture": 0.2751763951250802,
  "Move_to_Gesture": 0.5522771007055804
}