{
  "fold": 3,
  "best_epoch": 1,
  "val_accuracy": 0.39234375,
  "motion_accuracy": 0.63203125,
  "val_loss": 0.7642198801040649,
  "epochs_trained": 20,
  "NoGesture_acc": 0.16720405343159833,
  "NoGesture_to_Gesture": 0.6923076923076923,
  "NoGesture_to_Move": 0.14048825426070935,
  "Gesture_acc": 0.8034420289855072,
  "Gesture_to_NoGesture": 0.059329710144927536,
  "Gesture_to_Move": 0.13722826086956522,
  "Move_acc": 0.1850569025235032,
  "Move_to_NoGesture": 0.20583869371598218,
  "Move_to_Gesture": 0.6091044037605146
}