{
  "fold": 2,
  "best_epoch": 15,
  "val_accuracy": 0.47640625,
  "motion_accuracy": 0.62734375,
  "val_loss": 0.7587236166000366,
  "epochs_trained": 25,
  "NoGesture_acc": 0.5389363722697056,
  "NoGesture_to_Gesture": 0.40788224121557454,
  "NoGesture_to_Move": 0.05318138651471985,
  "Gesture_acc": 0.567439659252248,
  "Gesture_to_NoGesture": 0.26549929010885,
  "Gesture_to_Move": 0.16706105063890203,
  "Move_acc": 0.32783127005960566,
  "Move_to_NoGesture": 0.39110499770747365,
  "Move_to_Gesture": 0.2810637322329207
}