{
  "fold": 3,
  "best_epoch": 11,
  "val_accuracy": 0.464375,
  "motion_accuracy": 0.62859375,
  "val_loss": 0.6240016222000122,
  "epochs_trained": 29,
  "NoGesture_acc": 0.5246430216490097,
  "NoGesture_to_Gesture": 0.41317365269461076,
  "NoGesture_to_Move": 0.062183325656379546,
  "Gesture_acc": 0.5869565217391305,
  "Gesture_to_NoGesture": 0.27943840579710144,
  "Gesture_to_Move": 0.13360507246376813,
  "Move_acc": 0.2657100445324097,
  "Move_to_NoGesture": 0.3602177140029688,
  "Move_to_Gesture": 0.3740722414646215
}