{
  "fold": 3,
  "best_epoch": 18,
  "val_accuracy": 0.54421875,
  "motion_accuracy": 0.71171875,
  "val_loss": 0.6142999529838562,
  "epochs_trained": 31,
  "NoGesture_acc": 0.501612160294795,
  "NoGesture_to_Gesture": 0.32335329341317365,
  "NoGesture_to_Move": 0.17503454629203133,
  "Gesture_acc": 0.5729166666666666,
  "Gesture_to_NoGesture": 0.1539855072463768,
  "Gesture_to_Move": 0.27309782608695654,
  "Move_acc": 0.5586343394359228,
  "Move_to_NoGesture": 0.20930232558139536,
  "Move_to_Gesture": 0.23206333498268183
}