{
  "fold": 3,
  "best_epoch": 9,
  "val_accuracy": 0.4965625,
  "motion_accuracy": 0.71625,
  "val_loss": 0.576267421245575,
  "epochs_trained": 22,
  "NoGesture_acc": 0.3763242745278673,
  "NoGesture_to_Gesture": 0.5287885766927684,
  "NoGesture_to_Move": 0.09488714877936434,
  "Gesture_acc": 0.8029891304347826,
  "Gesture_to_NoGesture": 0.0792572463768116,
  "Gesture_to_Move": 0.11775362318840579,
  "Move_acc": 0.2909450766947056,
  "Move_to_NoGesture": 0.14200890648193965,
  "Move_to_Gesture": 0.5670460168233548
}