{
  "fold": 3,
  "best_epoch": 9,
  "val_accuracy": 0.5678125,
  "motion_accuracy": 0.72578125,
  "val_loss": 0.6197375059127808,
  "epochs_trained": 49,
  "NoGesture_acc": 0.5743896821741133,
  "NoGesture_to_Gesture": 0.2160294795025334,
  "NoGesture_to_Move": 0.20958083832335328,
  "Gesture_acc": 0.626358695652174,
  "Gesture_to_NoGesture": 0.16168478260869565,
  "Gesture_to_Move": 0.21195652173913043,
  "Move_acc": 0.4967837704106878,
  "Move_to_NoGesture": 0.23453735774369125,
  "Move_to_Gesture": 0.268678871845621
}