{
  "fold": 1,
  "best_epoch": 22,
  "val_accuracy": 0.43796875,
  "motion_accuracy": 0.6309375,
  "val_loss": 0.5353779196739197,
  "epochs_trained": 35,
  "NoGesture_acc": 0.1619246861924686,
  "NoGesture_to_Gesture": 0.6535564853556486,
  "NoGesture_to_Move": 0.18451882845188283,
  "Gesture_acc": 0.7054263565891473,
  "Gesture_to_NoGesture": 0.08445532435740515,
  "Gesture_to_Move": 0.21011831905344758,
  "Move_acc": 0.4406670942912123,
  "Move_to_NoGesture": 0.09749839640795381,
  "Move_to_Gesture": 0.46183450930083386
}